id,name,primary_category,primary_subcategories,secondary_categories,content_needs,location,remote_acceptable,business_size,past_creators_hired,avg_creator_rating,budget_range_per_gig,niche_tags,current_gigs_open,active_in_last_30_days,preferred_creator_size
biz_0001,"Briggs, Young and Thomas",beauty_wellness,"['skincare', 'spa']",[],"['social_posts', 'blog_posts']","Atlanta, GA",False,medium,0,,"[1000, 1500]","['anti_aging', 'spa_day', 'luxury', 'self_care']",1,True,any
biz_0002,Thompson and Sons,travel_hospitality,"['boutique_hotel', 'luxury_resort']",[],"['blog_posts', 'podcast', 'live_coverage']","Atlanta, GA",True,medium,1,4.0,"[1000, 2000]","['luxury_travel', 'budget_travel', 'boutique', 'international']",0,True,small
biz_0003,"Jones, Bean and Burton",auto,"['parts', 'ev']",[],['photography'],"San Diego, CA",True,large,0,,"[2000, 5000]","['off_road', 'luxury', 'performance']",0,True,mid
biz_0004,Webster-Wolf,fitness_sports,['sports_retail'],[],['reels'],"Los Angeles, CA",False,small,0,,"[200, 900]","['nutrition', 'gear_review', 'cardio']",5,True,large
biz_0005,Maldonado-Macias,fashion,"['sustainable', 'athleisure']",[],"['live_coverage', 'long_form_video']","New York, NY",False,large,15,4.7,"[3000, 6000]","['ootd', 'lookbook', 'seasonal', 'color_palette', 'minimalist']",5,True,small
biz_0006,"Reid, Weber and Lin",home_real_estate,"['property_management', 'home_improvement']",[],"['live_coverage', 'long_form_video', 'photography']","Portland, OR",False,small,30,4.7,"[500, 1200]","['minimalist', 'traditional', 'small_space']",0,False,any
biz_0007,"Stewart, Gonzales and Harrison",fitness_sports,['outdoor'],[],"['blog_posts', 'live_coverage', 'podcast']","Seattle, WA",False,medium,30,3.5,"[800, 1800]","['strength', 'running', 'nutrition', 'cardio']",0,True,any
biz_0008,"Turner, Hill and Brown",food_beverage,['catering'],[],"['long_form_video', 'blog_posts']","Chicago, IL",True,large,2,4.0,"[2000, 7000]","['farm_to_table', 'dessert', 'casual']",3,True,small
biz_0009,"Jones, Murray and Johnson",food_beverage,['food_trucks'],[],"['reels', 'social_posts', 'long_form_video']","Miami, FL",False,large,30,3.5,"[3000, 8000]","['farm_to_table', 'vegan', 'wine_pairing', 'magazine_quality']",2,True,large
biz_0010,Decker-Jones,fitness_sports,"['outdoor', 'personal_training']",[],['photography'],"Atlanta, GA",True,small,2,3.5,"[200, 700]","['recovery', 'cycling', 'pilates', 'cardio', 'yoga']",1,False,large
biz_0011,Gilbert PLC,food_beverage,"['fine_dining', 'bars']",[],"['live_coverage', 'long_form_video', 'podcast']","Seattle, WA",True,medium,0,,"[1000, 1500]","['vegan', 'natural_lighting', 'dessert', 'fine_dining', 'casual']",5,True,small
biz_0012,Ford-Spencer,fashion,['sustainable'],[],"['live_coverage', 'social_posts', 'reels']","Houston, TX",False,small,0,,"[300, 1000]","['color_palette', 'minimalist', 'ethical', 'luxury', 'lookbook']",3,True,large
biz_0013,"Huang, Cole and Pacheco",beauty_wellness,"['makeup', 'supplements']",[],"['long_form_video', 'social_posts', 'live_coverage']","Dallas, TX",False,medium,30,4.5,"[500, 1000]","['clean_beauty', 'natural', 'makeup_tutorial', 'luxury']",3,False,small
biz_0014,"Lopez, Jacobs and Mason",food_beverage,"['food_trucks', 'bakeries']",[],"['social_posts', 'photography', 'live_coverage']","San Francisco, CA",False,medium,15,3.5,"[500, 2000]","['magazine_quality', 'fine_dining', 'natural_lighting', 'brunch', 'asian']",5,True,any
biz_0015,Hayes LLC,fashion,"['accessories', 'streetwear']",[],['long_form_video'],"Atlanta, GA",False,medium,0,,"[500, 2000]","['minimalist', 'color_palette', 'seasonal', 'designer', 'luxury']",2,True,any
biz_0016,"Miller, Lucas and Williams",retail,"['specialty', 'electronics']",[],['reels'],"Portland, OR",False,small,8,4.7,"[500, 1200]","['vintage', 'deals', 'luxury']",3,True,mid
biz_0017,"Kim, Gonzales and Mills",auto,['service'],[],"['live_coverage', 'social_posts', 'reels']","Atlanta, GA",True,medium,5,4.5,"[1000, 2000]","['vintage', 'performance', 'truck', 'suv']",0,True,mid
biz_0018,Cox LLC,beauty_wellness,['fragrance'],[],['live_coverage'],"San Francisco, CA",True,small,15,4.3,"[300, 800]","['self_care', 'drugstore', 'anti_aging', 'natural', 'luxury']",0,True,any
biz_0019,Ortiz-Morgan,retail,"['boutique', 'apparel']",[],"['live_coverage', 'podcast', 'social_posts']","San Diego, CA",False,medium,2,3.5,"[1000, 1500]","['kids', 'outdoor', 'luxury', 'streetwear']",3,True,large
biz_0020,"Williams, Mccoy and Cook",fitness_sports,['gym'],[],['podcast'],"Philadelphia, PA",False,small,0,,"[200, 500]","['gear_review', 'pilates', 'yoga']",2,True,any
biz_0021,Davis-Gregory,food_beverage,['bars'],[],"['long_form_video', 'podcast']","Nashville, TN",False,small,8,4.7,"[300, 1000]","['casual', 'farm_to_table', 'wine_pairing']",3,True,any
biz_0022,King-York,beauty_wellness,['skincare'],[],"['podcast', 'long_form_video', 'live_coverage']","Nashville, TN",False,small,15,3.5,"[200, 900]","['anti_aging', 'wellness', 'makeup_tutorial']",1,True,small
biz_0023,"Marks, Cook and Aguilar",home_real_estate,['real_estate_agency'],[],"['photography', 'social_posts', 'long_form_video']","San Francisco, CA",True,medium,1,4.5,"[1000, 2500]","['garden', 'diy', 'renovation', 'modern', 'luxury']",5,True,small
biz_0024,Rangel LLC,beauty_wellness,['makeup'],[],['photography'],"Austin, TX",False,medium,5,4.0,"[800, 1800]","['spa_day', 'skincare', 'luxury']",0,True,any
biz_0025,"Hale, Myers and Larson",travel_hospitality,['boutique_hotel'],[],['podcast'],"Los Angeles, CA",False,small,5,4.7,"[500, 1000]","['boutique', 'couples', 'domestic']",0,True,any
biz_0026,Collins Group,retail,"['boutique', 'big_box']",[],"['reels', 'social_posts']","Seattle, WA",True,small,1,4.0,"[200, 900]","['outdoor', 'minimalist', 'luxury', 'boutique_finds', 'vintage']",1,True,any
biz_0027,"Conner, Li and Santiago",fitness_sports,['outdoor'],[],"['podcast', 'photography']","Brooklyn, NY",False,small,2,4.3,"[300, 1000]","['cycling', 'nutrition', 'yoga', 'pilates', 'recovery']",1,True,any
biz_0028,"Osborn, Gaines and Davis",auto,['detailing'],[],['social_posts'],"San Francisco, CA",False,small,15,4.7,"[300, 600]","['electric_vehicle', 'performance', 'luxury']",2,True,large
biz_0029,"Henderson, Cox and Cox",auto,"['luxury', 'parts']",[],['social_posts'],"Denver, CO",False,medium,0,,"[1000, 2500]","['luxury', 'truck', 'sedan']",3,False,any
biz_0030,Bean LLC,beauty_wellness,['hair_salon'],[],"['blog_posts', 'live_coverage']","Los Angeles, CA",False,small,2,4.7,"[200, 700]","['makeup_tutorial', 'spa_day', 'natural', 'clean_beauty']",1,True,mid
biz_0031,Lee-Cooke,travel_hospitality,['bnb'],[],['photography'],"Los Angeles, CA",True,small,5,4.3,"[300, 800]","['boutique', 'luxury_travel', 'domestic', 'couples', 'family']",3,True,mid
biz_0032,Jones Inc,auto,"['service', 'ev']",[],"['reels', 'blog_posts']","Seattle, WA",False,small,2,4.5,"[500, 1000]","['motorcycle', 'test_drive', 'performance']",1,True,small
biz_0033,"Wise, Conley and Stephenson",fashion,['sustainable'],[],"['reels', 'photography']","Chicago, IL",True,medium,0,,"[1000, 1500]","['color_palette', 'minimalist', 'seasonal', 'designer', 'lookbook']",0,True,any
biz_0034,Stanley PLC,food_beverage,['bakeries'],[],"['podcast', 'blog_posts']","Philadelphia, PA",False,medium,8,4.5,"[1000, 1500]","['dessert', 'farm_to_table', 'asian', 'natural_lighting']",3,True,mid
biz_0035,Harper and Sons,auto,['motorcycle'],[],"['reels', 'social_posts', 'long_form_video']","Portland, OR",False,small,0,,"[300, 800]","['performance', 'test_drive', 'sedan']",1,True,any
biz_0036,White Ltd,beauty_wellness,['supplements'],[],"['social_posts', 'long_form_video']","Philadelphia, PA",False,medium,30,3.5,"[800, 1300]","['makeup_tutorial', 'wellness', 'anti_aging', 'luxury', 'clean_beauty']",0,False,large
biz_0037,"Lamb, Martin and Kim",retail,['apparel'],[],['long_form_video'],"New York, NY",True,small,0,,"[500, 800]","['minimalist', 'streetwear', 'boutique_finds']",2,True,large
biz_0038,Diaz-Ball,beauty_wellness,['makeup'],[],['photography'],"Austin, TX",False,small,8,4.5,"[300, 800]","['drugstore', 'clean_beauty', 'luxury', 'natural']",0,True,small
biz_0039,Bishop-Goodwin,fitness_sports,['crossfit'],[],"['blog_posts', 'photography']","Nashville, TN",False,small,0,,"[200, 500]","['outdoor', 'cardio', 'cycling', 'recovery']",0,True,any
biz_0040,Young-Allen,fitness_sports,"['yoga', 'crossfit']",[],['long_form_video'],"Chicago, IL",True,medium,0,,"[1000, 1500]","['gear_review', 'cycling', 'cardio']",1,False,small
biz_0041,Mckee-Lee,fitness_sports,"['outdoor', 'personal_training']",[],['long_form_video'],"Denver, CO",False,small,8,4.3,"[500, 1000]","['recovery', 'yoga', 'strength']",0,False,small
biz_0042,"Valentine, Joyce and Murray",travel_hospitality,['luxury_resort'],[],['live_coverage'],"Nashville, TN",False,large,15,4.5,"[1500, 6500]","['couples', 'adventure', 'all_inclusive', 'luxury_travel', 'domestic']",0,True,any
biz_0043,Strickland-Shaw,travel_hospitality,"['tour_operator', 'bnb']",[],"['long_form_video', 'podcast', 'reels']","Austin, TX",False,medium,5,4.3,"[1000, 2000]","['adventure', 'luxury_travel', 'all_inclusive']",1,True,small
biz_0044,Burch-Montoya,food_beverage,['bars'],[],['photography'],"Nashville, TN",True,medium,2,4.0,"[500, 2000]","['dessert', 'mexican', 'farm_to_table']",3,True,large
biz_0045,"Taylor, Wright and Davidson",fitness_sports,"['gym', 'sports_retail']",[],['social_posts'],"Houston, TX",False,medium,5,4.0,"[800, 1300]","['yoga', 'cycling', 'outdoor', 'gear_review']",2,True,any
biz_0046,Spencer-Garcia,auto,"['detailing', 'used']",[],['photography'],"Denver, CO",False,small,15,4.0,"[500, 1200]","['test_drive', 'motorcycle', 'off_road', 'truck', 'suv']",3,True,small
biz_0047,"Rosales, Mitchell and Hines",home_real_estate,['interior_design'],[],['podcast'],"Dallas, TX",True,small,5,3.5,"[500, 800]","['first_time_buyer', 'diy', 'investment']",0,True,large
biz_0048,Cole-Palmer,beauty_wellness,['skincare'],[],"['blog_posts', 'reels', 'podcast']","Seattle, WA",False,small,0,,"[200, 900]","['luxury', 'wellness', 'drugstore']",0,True,any
biz_0049,Davis-Lozano,food_beverage,['bakeries'],[],['live_coverage'],"Chicago, IL",True,large,8,3.5,"[1500, 6500]","['farm_to_table', 'mexican', 'brunch']",5,True,mid
biz_0050,Wilkerson-Arias,retail,"['home_goods', 'specialty']",[],"['podcast', 'reels', 'social_posts']","Philadelphia, PA",False,medium,5,3.5,"[500, 2000]","['home_decor', 'streetwear', 'boutique_finds']",1,True,any
biz_0051,Brown-Shaw,food_beverage,['specialty_foods'],[],"['blog_posts', 'social_posts', 'reels']","Dallas, TX",False,small,0,,"[200, 500]","['mexican', 'fine_dining', 'farm_to_table', 'vegan']",2,True,mid
biz_0052,Hughes Inc,auto,['parts'],[],"['long_form_video', 'social_posts', 'blog_posts']","Dallas, TX",False,small,5,4.7,"[500, 1200]","['performance', 'truck', 'sedan']",0,True,mid
biz_0053,Walker-Flores,fitness_sports,"['outdoor', 'gym']",[],['blog_posts'],"Portland, OR",False,small,0,,"[300, 600]","['yoga', 'gear_review', 'running']",1,True,mid
biz_0054,Combs Ltd,retail,['specialty'],[],"['blog_posts', 'podcast', 'photography']","Nashville, TN",True,small,15,4.5,"[500, 800]","['deals', 'luxury', 'minimalist', 'home_decor']",2,True,mid
biz_0055,Moody-Taylor,beauty_wellness,"['hair_salon', 'fragrance']",[],['photography'],"Los Angeles, CA",True,small,30,4.0,"[200, 700]","['luxury', 'spa_day', 'wellness', 'natural', 'clean_beauty']",1,True,any
biz_0056,Lowery-Kennedy,retail,"['specialty', 'electronics']",[],['social_posts'],"Boston, MA",False,small,1,4.5,"[500, 1200]","['minimalist', 'home_decor', 'kids', 'outdoor', 'vintage']",1,True,any
biz_0057,Blake Group,auto,"['motorcycle', 'parts']",[],['reels'],"San Diego, CA",False,small,15,4.0,"[200, 900]","['luxury', 'performance', 'sedan']",0,True,large
biz_0058,Gilbert-Bullock,fashion,"['sustainable', 'accessories']",[],['reels'],"San Diego, CA",True,medium,1,4.7,"[500, 2000]","['color_palette', 'streetwear', 'ethical', 'seasonal']",5,True,any
biz_0059,Scott and Sons,home_real_estate,"['garden', 'property_management']",[],['podcast'],"New York, NY",True,small,2,4.5,"[200, 900]","['renovation', 'garden', 'diy', 'first_time_buyer']",0,True,any
biz_0060,"Bentley, Lynch and Henderson",auto,"['service', 'used']",[],"['blog_posts', 'long_form_video', 'photography']","Austin, TX",False,small,8,3.5,"[200, 700]","['truck', 'test_drive', 'performance', 'luxury', 'suv']",2,True,mid
biz_0061,Young-Martinez,food_beverage,"['bakeries', 'bars']",[],"['reels', 'podcast']","New York, NY",False,small,0,,"[500, 1000]","['dessert', 'italian', 'vegan']",1,True,mid
biz_0062,Barnes PLC,fashion,"['vintage', 'streetwear']",[],"['reels', 'photography', 'blog_posts']","Seattle, WA",True,medium,1,3.5,"[1000, 1500]","['ootd', 'lookbook', 'minimalist', 'seasonal']",5,False,mid
biz_0063,Brown-Copeland,retail,"['apparel', 'boutique']",[],['podcast'],"San Francisco, CA",True,small,8,4.5,"[500, 1200]","['home_decor', 'outdoor', 'tech_gadgets', 'minimalist', 'deals']",1,True,any
biz_0064,Carlson-Smith,food_beverage,"['bakeries', 'casual_dining']",[],['long_form_video'],"Phoenix, AZ",True,medium,0,,"[800, 2300]","['brunch', 'asian', 'mexican', 'magazine_quality', 'dessert']",1,True,mid
biz_0065,"Andrews, Higgins and Carter",auto,"['parts', 'used']",[],"['photography', 'blog_posts']","Phoenix, AZ",True,large,1,3.5,"[2000, 7000]","['electric_vehicle', 'test_drive', 'performance', 'sedan']",5,True,mid
biz_0066,Mendez and Sons,retail,"['home_goods', 'big_box']",[],"['blog_posts', 'photography', 'reels']","Boston, MA",True,medium,2,4.7,"[1000, 1500]","['deals', 'outdoor', 'vintage', 'kids', 'home_decor']",0,True,small
biz_0067,"Butler, Beck and Miller",travel_hospitality,['luxury_resort'],[],"['social_posts', 'podcast']","San Diego, CA",False,large,0,,"[2000, 4000]","['domestic', 'budget_travel', 'solo', 'family']",1,True,small
biz_0068,Jones-Fox,fitness_sports,['crossfit'],[],"['blog_posts', 'reels', 'photography']","Chicago, IL",False,small,30,4.0,"[500, 800]","['gear_review', 'nutrition', 'pilates', 'running']",0,False,any
biz_0069,"Hartman, Romero and Smith",food_beverage,"['specialty_foods', 'bakeries']",[],"['blog_posts', 'photography', 'social_posts']","Houston, TX",False,medium,0,,"[500, 1000]","['italian', 'vegan', 'wine_pairing']",1,False,mid
biz_0070,Williams-Hughes,travel_hospitality,['bnb'],[],"['live_coverage', 'photography']","Nashville, TN",False,small,30,4.5,"[300, 800]","['luxury_travel', 'budget_travel', 'international']",0,False,mid
biz_0071,King-Smith,travel_hospitality,['attraction'],[],"['social_posts', 'live_coverage', 'photography']","Los Angeles, CA",False,small,30,4.3,"[300, 600]","['family', 'budget_travel', 'adventure', 'domestic', 'solo']",3,True,mid
biz_0072,Cooper Ltd,food_beverage,"['cafes', 'food_trucks']",[],['social_posts'],"Seattle, WA",False,large,1,4.7,"[2000, 7000]","['dessert', 'brunch', 'asian', 'italian']",0,False,any
biz_0073,"Fuller, Ingram and Moss",food_beverage,"['food_trucks', 'fine_dining']",[],"['blog_posts', 'live_coverage', 'social_posts']","San Diego, CA",False,small,8,3.5,"[500, 1000]","['farm_to_table', 'casual', 'asian', 'magazine_quality']",1,True,large
biz_0074,Anderson-Bell,travel_hospitality,"['bnb', 'tour_operator']",[],['social_posts'],"Nashville, TN",True,small,30,4.7,"[300, 600]","['couples', 'budget_travel', 'boutique', 'international', 'luxury_travel']",1,True,any
biz_0075,Li-Thompson,fashion,"['streetwear', 'footwear']",[],"['reels', 'photography']","Atlanta, GA",False,large,15,3.5,"[2000, 5000]","['seasonal', 'ootd', 'luxury', 'color_palette']",2,True,any
biz_0076,"Marshall, Dominguez and Welch",fashion,"['footwear', 'sustainable']",[],['long_form_video'],"San Diego, CA",False,medium,8,4.3,"[1000, 2500]","['vintage', 'streetwear', 'ootd', 'seasonal', 'color_palette']",1,True,any
biz_0077,Brown Group,beauty_wellness,"['nail_salon', 'hair_salon']",[],"['photography', 'podcast']","Los Angeles, CA",False,small,1,4.7,"[200, 500]","['luxury', 'makeup_tutorial', 'self_care', 'natural', 'skincare']",5,True,any
biz_0078,Carter Inc,fashion,['athleisure'],[],"['reels', 'social_posts']","Seattle, WA",True,medium,0,,"[500, 1000]","['luxury', 'designer', 'streetwear']",3,True,mid
biz_0079,Blackwell LLC,fitness_sports,['yoga'],[],"['live_coverage', 'blog_posts', 'photography']","Los Angeles, CA",True,medium,1,3.5,"[800, 1300]","['pilates', 'outdoor', 'gear_review', 'recovery', 'cardio']",2,True,small
biz_0080,Robertson-Hays,fashion,['high_end'],[],"['reels', 'blog_posts']","Chicago, IL",False,medium,30,3.5,"[800, 1300]","['color_palette', 'lookbook', 'vintage']",1,False,large
biz_0081,"Kennedy, Johnson and Lucas",home_real_estate,['home_improvement'],[],"['photography', 'blog_posts']","San Diego, CA",True,large,0,,"[3000, 8000]","['modern', 'diy', 'minimalist', 'first_time_buyer']",1,False,small
biz_0082,Kelly-Norman,food_beverage,['cafes'],[],['photography'],"Houston, TX",False,small,1,4.3,"[200, 900]","['fine_dining', 'asian', 'vegan']",0,True,large
biz_0083,"Rivera, Martinez and Richardson",fashion,"['accessories', 'sustainable']",[],['long_form_video'],"Dallas, TX",True,medium,15,3.5,"[1000, 2000]","['seasonal', 'ootd', 'vintage', 'minimalist']",0,False,mid
biz_0084,Paul-Kline,home_real_estate,"['garden', 'real_estate_agency']",[],['podcast'],"New York, NY",False,small,30,4.0,"[500, 800]","['minimalist', 'traditional', 'garden', 'renovation']",1,True,mid
biz_0085,Morgan-Lopez,fitness_sports,"['gym', 'outdoor']",[],"['long_form_video', 'reels']","Los Angeles, CA",True,small,1,4.3,"[300, 800]","['running', 'cycling', 'yoga']",3,True,mid
biz_0086,"Jimenez, Glass and Stone",home_real_estate,"['home_improvement', 'garden']",[],"['long_form_video', 'reels', 'podcast']","Portland, OR",False,small,0,,"[500, 1200]","['garden', 'small_space', 'renovation']",1,True,mid
biz_0087,Acosta Inc,beauty_wellness,['nail_salon'],[],['reels'],"Boston, MA",False,small,15,4.0,"[500, 1000]","['drugstore', 'clean_beauty', 'anti_aging', 'wellness']",3,True,large
biz_0088,Morrison-Short,food_beverage,"['bars', 'casual_dining']",[],"['social_posts', 'reels']","Miami, FL",False,small,5,4.3,"[200, 700]","['italian', 'casual', 'dessert', 'wine_pairing']",1,True,any
biz_0089,"Carter, Garcia and Murphy",home_real_estate,['interior_design'],[],"['podcast', 'reels']","Miami, FL",False,small,1,3.5,"[200, 500]","['first_time_buyer', 'minimalist', 'traditional', 'garden']",3,True,small
biz_0090,Parker-Morrison,beauty_wellness,"['nail_salon', 'fragrance']",[],['reels'],"Seattle, WA",False,large,8,4.7,"[1500, 4500]","['clean_beauty', 'anti_aging', 'self_care']",0,False,large
biz_0091,Jackson-Wallace,auto,['used'],[],"['reels', 'podcast', 'social_posts']","Miami, FL",False,small,30,4.3,"[300, 1000]","['test_drive', 'truck', 'suv']",1,True,mid
biz_0092,Williams-Berg,fashion,['athleisure'],[],['long_form_video'],"Phoenix, AZ",True,small,15,4.0,"[200, 700]","['vintage', 'designer', 'luxury', 'streetwear', 'seasonal']",0,True,any
biz_0093,Mendez-Graham,fitness_sports,"['outdoor', 'personal_training']",[],"['blog_posts', 'live_coverage']","Brooklyn, NY",False,medium,15,4.0,"[1000, 1500]","['yoga', 'recovery', 'cardio', 'nutrition', 'cycling']",0,True,any
biz_0094,"Whitney, Gould and Jones",auto,['service'],[],"['long_form_video', 'photography']","Houston, TX",True,small,30,4.3,"[500, 1200]","['electric_vehicle', 'off_road', 'luxury']",2,True,mid
biz_0095,"Sullivan, Palmer and Brady",retail,"['big_box', 'specialty']",[],['reels'],"Chicago, IL",True,medium,2,4.3,"[1000, 2000]","['deals', 'streetwear', 'luxury', 'tech_gadgets', 'minimalist']",2,True,large
biz_0096,Cisneros and Sons,travel_hospitality,['boutique_hotel'],[],['podcast'],"Houston, TX",False,small,0,,"[200, 900]","['family', 'budget_travel', 'all_inclusive', 'luxury_travel', 'international']",2,True,mid
biz_0097,"Gregory, Kim and Martinez",travel_hospitality,['luxury_resort'],[],"['social_posts', 'photography']","Los Angeles, CA",True,medium,0,,"[800, 2300]","['couples', 'domestic', 'family', 'budget_travel', 'international']",3,True,any
biz_0098,Osborne LLC,beauty_wellness,['makeup'],[],['reels'],"San Diego, CA",False,medium,0,,"[800, 1800]","['skincare', 'makeup_tutorial', 'spa_day', 'drugstore', 'wellness']",0,True,any
biz_0099,Reyes-Bradley,food_beverage,"['catering', 'bars']",[],['reels'],"Philadelphia, PA",False,medium,5,4.0,"[1000, 2500]","['magazine_quality', 'vegan', 'wine_pairing']",5,True,small
biz_0100,"Hernandez, Cole and Watson",fashion,"['sustainable', 'footwear']",[],"['photography', 'blog_posts']","Phoenix, AZ",True,small,8,4.7,"[300, 800]","['lookbook', 'seasonal', 'ethical', 'designer', 'vintage']",3,True,large
biz_0101,Hines-Berry,retail,"['electronics', 'boutique']",[],"['social_posts', 'blog_posts', 'photography']","Houston, TX",False,small,15,3.5,"[200, 500]","['luxury', 'streetwear', 'home_decor', 'boutique_finds']",3,True,any
biz_0102,"Richardson, Edwards and Ramirez",retail,"['boutique', 'home_goods']",[],['reels'],"Portland, OR",False,small,0,,"[500, 1000]","['minimalist', 'outdoor', 'boutique_finds', 'tech_gadgets']",2,False,any
biz_0103,Johnson and Sons,fashion,['high_end'],[],"['podcast', 'live_coverage']","Dallas, TX",True,medium,5,3.5,"[800, 1800]","['minimalist', 'color_palette', 'designer', 'ethical']",0,True,any
biz_0104,Holmes-Mcintyre,auto,['service'],[],['reels'],"Houston, TX",True,small,1,3.5,"[300, 800]","['luxury', 'truck', 'sedan', 'suv']",3,True,large
biz_0105,Green LLC,auto,"['ev', 'luxury']",[],"['reels', 'photography']","Portland, OR",False,large,1,4.7,"[3000, 6000]","['sedan', 'off_road', 'truck', 'motorcycle']",1,True,small
biz_0106,"Griffin, Davies and Mitchell",beauty_wellness,"['skincare', 'spa']",[],"['social_posts', 'blog_posts', 'podcast']","Denver, CO",False,small,1,4.7,"[300, 600]","['wellness', 'anti_aging', 'spa_day', 'clean_beauty', 'makeup_tutorial']",2,False,any
biz_0107,Gonzalez-Taylor,home_real_estate,"['interior_design', 'property_management']",[],['live_coverage'],"Philadelphia, PA",True,small,5,4.0,"[200, 900]","['garden', 'first_time_buyer', 'modern', 'small_space']",2,True,large
biz_0108,Hayes Ltd,fashion,['footwear'],[],"['blog_posts', 'reels', 'social_posts']","Los Angeles, CA",False,small,8,4.7,"[500, 800]","['minimalist', 'ootd', 'streetwear', 'vintage']",2,True,mid
biz_0109,Osborn-Cochran,food_beverage,['fine_dining'],[],['long_form_video'],"Boston, MA",False,medium,5,4.3,"[1000, 1500]","['vegan', 'casual', 'mexican', 'dessert', 'magazine_quality']",2,True,small
biz_0110,Contreras-Mckinney,food_beverage,['casual_dining'],[],['live_coverage'],"Dallas, TX",False,small,0,,"[300, 600]","['asian', 'vegan', 'dessert', 'wine_pairing', 'magazine_quality']",0,True,any
biz_0111,"Daniels, Vance and York",fashion,"['footwear', 'accessories']",[],['long_form_video'],"Nashville, TN",True,medium,1,4.7,"[1000, 1500]","['luxury', 'ootd', 'minimalist', 'lookbook', 'streetwear']",1,True,large
biz_0112,"Mckinney, Graves and Thompson",home_real_estate,"['property_management', 'real_estate_agency']",[],"['long_form_video', 'reels']","Dallas, TX",True,small,15,3.5,"[200, 900]","['garden', 'traditional', 'first_time_buyer', 'renovation']",3,False,large
biz_0113,Hicks-Martinez,food_beverage,"['cafes', 'bakeries']",[],"['live_coverage', 'podcast', 'long_form_video']","Brooklyn, NY",True,small,15,4.7,"[500, 1200]","['magazine_quality', 'farm_to_table', 'italian', 'mexican', 'fine_dining']",0,True,any
biz_0114,Conner and Sons,fitness_sports,"['outdoor', 'yoga']",[],"['blog_posts', 'live_coverage', 'social_posts']","Miami, FL",False,medium,5,4.0,"[500, 2000]","['outdoor', 'cycling', 'cardio', 'recovery']",2,True,large
biz_0115,Johnson-Spencer,travel_hospitality,['boutique_hotel'],[],"['reels', 'blog_posts', 'social_posts']","San Diego, CA",False,small,2,3.5,"[200, 900]","['adventure', 'family', 'budget_travel']",1,True,mid
biz_0116,Mcdonald-Bird,auto,['parts'],[],"['podcast', 'social_posts']","Denver, CO",False,medium,0,,"[500, 1500]","['electric_vehicle', 'luxury', 'test_drive', 'off_road']",3,True,small
biz_0117,Salazar Inc,fashion,"['sustainable', 'accessories']",[],"['live_coverage', 'long_form_video', 'reels']","Chicago, IL",True,small,0,,"[500, 1200]","['vintage', 'designer', 'minimalist', 'seasonal']",0,False,mid
biz_0118,Parker Ltd,travel_hospitality,['bnb'],[],['podcast'],"Nashville, TN",False,medium,8,4.7,"[1000, 2000]","['boutique', 'domestic', 'family']",5,True,mid
biz_0119,"Mendoza, Jenkins and Ortiz",travel_hospitality,['attraction'],[],['reels'],"Austin, TX",False,small,8,3.5,"[200, 900]","['adventure', 'boutique', 'couples']",1,False,mid
biz_0120,"Jones, Compton and Day",fitness_sports,['yoga'],[],"['podcast', 'live_coverage', 'photography']","Phoenix, AZ",False,small,0,,"[200, 900]","['cardio', 'recovery', 'pilates', 'cycling']",1,True,small
biz_0121,Owens-Holmes,travel_hospitality,"['luxury_resort', 'bnb']",[],"['reels', 'long_form_video', 'blog_posts']","Atlanta, GA",False,small,0,,"[500, 1200]","['adventure', 'family', 'solo']",1,True,large
biz_0122,Humphrey PLC,auto,"['ev', 'used']",[],['social_posts'],"New York, NY",True,small,2,3.5,"[300, 800]","['luxury', 'electric_vehicle', 'test_drive', 'off_road', 'vintage']",5,True,mid
biz_0123,"Matthews, Saunders and Anderson",travel_hospitality,['attraction'],[],['blog_posts'],"Denver, CO",True,medium,0,,"[1000, 1500]","['luxury_travel', 'international', 'boutique', 'solo']",2,False,mid
biz_0124,"Bartlett, Brown and Martinez",beauty_wellness,"['spa', 'hair_salon']",[],['blog_posts'],"Boston, MA",False,medium,0,,"[1000, 2500]","['wellness', 'skincare', 'clean_beauty']",0,True,small
biz_0125,Torres and Sons,retail,"['electronics', 'home_goods']",[],"['long_form_video', 'podcast']","Brooklyn, NY",True,small,0,,"[500, 800]","['deals', 'outdoor', 'home_decor']",2,True,any
biz_0126,Donovan-Perez,fitness_sports,['personal_training'],[],['podcast'],"New York, NY",False,medium,0,,"[800, 2300]","['outdoor', 'running', 'gear_review', 'cycling', 'recovery']",1,True,large
biz_0127,"Jacobson, Singleton and King",fashion,['streetwear'],[],"['podcast', 'long_form_video', 'reels']","Denver, CO",False,small,2,4.5,"[200, 500]","['seasonal', 'vintage', 'ethical']",0,True,small
biz_0128,"Huber, Hill and Weber",fashion,"['athleisure', 'high_end']",[],['live_coverage'],"Seattle, WA",True,small,2,4.0,"[300, 600]","['ethical', 'ootd', 'color_palette']",1,True,large
biz_0129,"Ferguson, Shaw and Jackson",food_beverage,"['fine_dining', 'bars']",[],"['social_posts', 'podcast']","Los Angeles, CA",False,small,0,,"[300, 1000]","['farm_to_table', 'brunch', 'vegan', 'italian']",3,False,mid
biz_0130,"Moore, Hopkins and Le",home_real_estate,"['garden', 'property_management']",[],['long_form_video'],"Austin, TX",False,large,5,3.5,"[2000, 7000]","['small_space', 'diy', 'garden', 'renovation', 'luxury']",1,True,mid
biz_0131,"Morgan, Bradshaw and Williams",fashion,"['athleisure', 'accessories']",[],"['social_posts', 'photography', 'live_coverage']","Denver, CO",True,medium,0,,"[800, 1800]","['designer', 'streetwear', 'luxury', 'minimalist']",0,False,mid
biz_0132,Miller Ltd,beauty_wellness,"['hair_salon', 'fragrance']",[],['blog_posts'],"Austin, TX",False,small,30,4.0,"[300, 800]","['anti_aging', 'spa_day', 'natural']",0,False,large
biz_0133,"Baker, Clark and Armstrong",beauty_wellness,['supplements'],[],"['photography', 'reels', 'podcast']","Boston, MA",False,medium,5,4.3,"[500, 2000]","['makeup_tutorial', 'spa_day', 'drugstore']",5,True,mid
biz_0134,"Fowler, Jimenez and Burton",food_beverage,['food_trucks'],[],['podcast'],"Brooklyn, NY",False,small,8,4.5,"[200, 700]","['asian', 'casual', 'magazine_quality']",1,True,mid
biz_0135,May-Turner,fitness_sports,"['personal_training', 'crossfit']",[],['photography'],"Chicago, IL",False,large,0,,"[3000, 5000]","['outdoor', 'strength', 'yoga', 'nutrition']",2,True,any
biz_0136,Ballard Ltd,fitness_sports,['personal_training'],[],['reels'],"Los Angeles, CA",False,large,15,4.7,"[1500, 6500]","['strength', 'yoga', 'cycling', 'nutrition', 'running']",2,True,large
biz_0137,Evans-Jones,home_real_estate,"['real_estate_agency', 'home_improvement']",[],['blog_posts'],"Portland, OR",True,small,2,4.5,"[200, 900]","['small_space', 'renovation', 'luxury', 'traditional', 'diy']",1,True,small
biz_0138,Moore Group,fitness_sports,"['sports_retail', 'yoga']",[],['live_coverage'],"Houston, TX",False,large,1,4.7,"[3000, 8000]","['cycling', 'pilates', 'yoga', 'outdoor']",1,True,small
biz_0139,Marshall-Peterson,travel_hospitality,['attraction'],[],['reels'],"San Francisco, CA",False,small,30,3.5,"[500, 1200]","['family', 'adventure', 'domestic', 'luxury_travel']",5,True,large
biz_0140,Edwards Ltd,auto,['parts'],[],"['podcast', 'long_form_video', 'photography']","New York, NY",True,small,0,,"[300, 1000]","['truck', 'test_drive', 'sedan', 'electric_vehicle', 'off_road']",1,False,any
biz_0141,Gross-Valencia,home_real_estate,"['real_estate_agency', 'interior_design']",[],"['podcast', 'photography', 'blog_posts']","Austin, TX",True,small,5,3.5,"[300, 600]","['diy', 'minimalist', 'traditional', 'first_time_buyer', 'modern']",1,True,mid
biz_0142,Anderson-Wood,travel_hospitality,"['bnb', 'tour_operator']",[],"['social_posts', 'long_form_video', 'blog_posts']","Atlanta, GA",False,small,8,3.5,"[500, 1200]","['adventure', 'all_inclusive', 'luxury_travel', 'international']",0,True,mid
biz_0143,"Rodriguez, Allen and Martinez",beauty_wellness,['makeup'],[],"['long_form_video', 'reels']","New York, NY",False,small,0,,"[500, 800]","['self_care', 'skincare', 'wellness', 'natural']",2,True,small
biz_0144,Wright-Davis,home_real_estate,['real_estate_agency'],[],"['long_form_video', 'blog_posts', 'photography']","Denver, CO",False,large,0,,"[3000, 8000]","['small_space', 'garden', 'first_time_buyer']",1,True,any
biz_0145,Dougherty-Lin,fashion,['athleisure'],[],['podcast'],"Miami, FL",False,small,0,,"[300, 1000]","['vintage', 'luxury', 'lookbook']",0,True,any
biz_0146,Wright-Grimes,fitness_sports,['sports_retail'],[],"['live_coverage', 'long_form_video']","San Diego, CA",False,medium,1,4.5,"[800, 1800]","['strength', 'gear_review', 'pilates', 'cardio', 'outdoor']",1,True,large
biz_0147,Li PLC,auto,['luxury'],[],['reels'],"Austin, TX",False,small,15,4.7,"[300, 1000]","['electric_vehicle', 'suv', 'off_road', 'sedan']",1,True,any
biz_0148,"Edwards, Hines and Jimenez",fashion,['athleisure'],[],"['blog_posts', 'photography', 'reels']","Austin, TX",False,small,30,4.3,"[300, 800]","['color_palette', 'designer', 'ootd', 'ethical', 'minimalist']",0,True,any
biz_0149,"Owens, Koch and Jimenez",auto,"['detailing', 'service']",[],"['long_form_video', 'reels', 'photography']","Nashville, TN",False,small,0,,"[200, 700]","['performance', 'suv', 'motorcycle', 'vintage', 'off_road']",1,True,mid
biz_0150,Landry PLC,home_real_estate,"['interior_design', 'real_estate_agency']",[],"['social_posts', 'reels']","Chicago, IL",False,small,1,4.7,"[300, 600]","['small_space', 'first_time_buyer', 'renovation']",0,False,large
biz_0151,Levy-Lewis,fitness_sports,['sports_retail'],[],"['photography', 'podcast']","Nashville, TN",True,small,2,4.3,"[200, 900]","['strength', 'gear_review', 'cycling', 'recovery', 'running']",0,True,mid
biz_0152,Williams-Campbell,beauty_wellness,"['nail_salon', 'skincare']",[],"['long_form_video', 'reels', 'social_posts']","New York, NY",True,medium,15,4.5,"[1000, 1500]","['natural', 'luxury', 'wellness', 'anti_aging']",1,True,large
biz_0153,"Khan, Pena and Ruiz",beauty_wellness,['makeup'],[],"['live_coverage', 'reels']","Boston, MA",False,small,15,3.5,"[500, 1200]","['skincare', 'luxury', 'spa_day', 'self_care', 'natural']",2,True,small
biz_0154,"Smith, Rodriguez and Anderson",travel_hospitality,['attraction'],[],"['blog_posts', 'long_form_video']","Dallas, TX",False,small,30,4.5,"[500, 1200]","['solo', 'international', 'luxury_travel', 'adventure']",0,False,large
biz_0155,Luna-Gallagher,home_real_estate,"['property_management', 'garden']",[],"['photography', 'podcast']","Seattle, WA",False,medium,0,,"[800, 1300]","['renovation', 'garden', 'modern', 'minimalist', 'luxury']",1,True,large
biz_0156,Williams-Williams,fashion,"['streetwear', 'accessories']",[],['live_coverage'],"San Francisco, CA",True,large,0,,"[3000, 5000]","['luxury', 'seasonal', 'minimalist']",5,True,any
biz_0157,"Lee, Tran and Jones",beauty_wellness,['nail_salon'],[],"['live_coverage', 'long_form_video']","Houston, TX",False,small,15,3.5,"[500, 1200]","['anti_aging', 'luxury', 'self_care', 'natural']",5,True,mid
biz_0158,"Cole, Pierce and Bryan",home_real_estate,"['property_management', 'home_improvement']",[],"['social_posts', 'reels']","San Diego, CA",True,small,0,,"[200, 500]","['first_time_buyer', 'minimalist', 'traditional', 'modern']",5,False,small
biz_0159,"Becker, Wilson and Hester",travel_hospitality,"['luxury_resort', 'tour_operator']",[],['photography'],"Miami, FL",False,small,5,4.7,"[300, 1000]","['boutique', 'international', 'all_inclusive']",1,True,small
biz_0160,Brooks-Hatfield,fashion,['footwear'],[],['photography'],"Phoenix, AZ",True,large,1,4.7,"[3000, 5000]","['lookbook', 'seasonal', 'ethical', 'vintage', 'ootd']",1,True,mid
biz_0161,"Mcmillan, Fischer and Gonzalez",food_beverage,"['bakeries', 'casual_dining']",[],['podcast'],"Austin, TX",False,small,8,4.7,"[200, 500]","['asian', 'casual', 'magazine_quality', 'fine_dining', 'wine_pairing']",0,False,mid
biz_0162,"Morales, Williams and Williams",travel_hospitality,"['bnb', 'tour_operator']",[],"['long_form_video', 'reels', 'live_coverage']","San Francisco, CA",False,small,0,,"[300, 1000]","['boutique', 'all_inclusive', 'family', 'luxury_travel']",2,True,mid
biz_0163,"Cook, Wells and Bryant",fashion,"['streetwear', 'footwear']",[],"['long_form_video', 'live_coverage', 'social_posts']","New York, NY",True,small,0,,"[200, 700]","['vintage', 'designer', 'luxury']",5,True,large
biz_0164,"Barry, Taylor and Velazquez",fitness_sports,"['sports_retail', 'gym']",[],"['social_posts', 'blog_posts']","Chicago, IL",False,small,0,,"[500, 1000]","['recovery', 'cycling', 'gear_review']",3,True,any
biz_0165,Martin-Ewing,travel_hospitality,"['tour_operator', 'bnb']",[],['reels'],"Chicago, IL",False,medium,8,4.5,"[800, 2300]","['budget_travel', 'boutique', 'international', 'solo', 'adventure']",0,True,small
biz_0166,"Kirby, Wheeler and Romero",food_beverage,['catering'],[],"['reels', 'photography']","Houston, TX",False,large,5,3.5,"[3000, 5000]","['casual', 'vegan', 'italian', 'farm_to_table']",1,True,large
biz_0167,"Patel, Erickson and Evans",fashion,"['accessories', 'high_end']",[],"['social_posts', 'live_coverage']","San Francisco, CA",False,medium,8,3.5,"[500, 1000]","['streetwear', 'color_palette', 'seasonal', 'vintage', 'luxury']",0,False,small
biz_0168,Richardson Ltd,travel_hospitality,['boutique_hotel'],[],"['photography', 'long_form_video', 'podcast']","Atlanta, GA",False,medium,8,4.0,"[800, 2300]","['luxury_travel', 'solo', 'budget_travel', 'international']",3,True,any
biz_0169,Whitney PLC,food_beverage,['bakeries'],[],['photography'],"Boston, MA",False,medium,15,4.0,"[1000, 2500]","['mexican', 'farm_to_table', 'asian', 'wine_pairing', 'magazine_quality']",2,True,mid
biz_0170,Robles-Swanson,auto,"['luxury', 'motorcycle']",[],"['podcast', 'social_posts']","Denver, CO",True,large,2,4.3,"[1500, 3500]","['performance', 'electric_vehicle', 'test_drive']",3,False,mid
biz_0171,"Soto, Carlson and Baker",beauty_wellness,['makeup'],[],"['long_form_video', 'podcast']","San Diego, CA",False,small,5,4.0,"[200, 500]","['luxury', 'anti_aging', 'makeup_tutorial']",1,True,mid
biz_0172,"Patton, Parsons and Lane",home_real_estate,"['garden', 'real_estate_agency']",[],"['blog_posts', 'long_form_video', 'podcast']","Chicago, IL",True,small,8,4.3,"[500, 1000]","['investment', 'first_time_buyer', 'diy', 'modern']",2,True,any
biz_0173,"Williams, Castillo and Warren",fashion,['vintage'],[],"['reels', 'live_coverage']","Denver, CO",True,small,30,4.0,"[500, 800]","['ethical', 'vintage', 'color_palette']",1,True,large
biz_0174,"Harvey, Randall and Hernandez",food_beverage,"['casual_dining', 'food_trucks']",[],"['photography', 'social_posts']","Denver, CO",False,large,5,4.0,"[1500, 4500]","['italian', 'mexican', 'natural_lighting', 'magazine_quality']",5,True,any
biz_0175,"Allen, Armstrong and Graves",home_real_estate,"['property_management', 'interior_design']",[],"['blog_posts', 'social_posts']","Portland, OR",True,small,0,,"[200, 500]","['renovation', 'small_space', 'luxury', 'investment']",1,False,mid
biz_0176,Smith LLC,food_beverage,['cafes'],[],['social_posts'],"Atlanta, GA",False,small,5,4.0,"[200, 500]","['brunch', 'casual', 'vegan', 'mexican']",0,True,large
biz_0177,Hernandez-Vaughn,beauty_wellness,['makeup'],[],['blog_posts'],"Phoenix, AZ",True,small,8,3.5,"[200, 500]","['skincare', 'makeup_tutorial', 'wellness', 'luxury']",0,True,large
biz_0178,Shaw-Carr,beauty_wellness,"['supplements', 'spa']",[],"['live_coverage', 'long_form_video']","Seattle, WA",False,small,15,4.7,"[300, 800]","['wellness', 'skincare', 'luxury', 'spa_day']",1,True,any
biz_0179,Salas-Fitzgerald,food_beverage,['cafes'],[],"['live_coverage', 'reels', 'podcast']","Phoenix, AZ",True,small,2,4.0,"[300, 600]","['fine_dining', 'wine_pairing', 'dessert']",0,True,small
biz_0180,Thornton PLC,travel_hospitality,['tour_operator'],[],"['live_coverage', 'blog_posts', 'reels']","Philadelphia, PA",False,small,1,4.5,"[300, 600]","['couples', 'all_inclusive', 'international']",1,True,mid
biz_0181,Hoffman Ltd,auto,"['motorcycle', 'luxury']",[],"['blog_posts', 'reels', 'live_coverage']","Dallas, TX",False,medium,15,3.5,"[1000, 2000]","['sedan', 'performance', 'truck']",3,True,large
biz_0182,Fox-Edwards,home_real_estate,"['interior_design', 'real_estate_agency']",[],"['live_coverage', 'social_posts']","Philadelphia, PA",False,small,5,4.0,"[200, 700]","['luxury', 'traditional', 'diy', 'renovation', 'small_space']",3,False,mid
biz_0183,Stevens PLC,home_real_estate,"['furniture', 'property_management']",[],"['photography', 'live_coverage', 'blog_posts']","Dallas, TX",True,small,5,4.0,"[300, 600]","['first_time_buyer', 'luxury', 'modern', 'small_space']",0,True,mid
biz_0184,Payne-Lowe,food_beverage,['food_trucks'],[],['podcast'],"Houston, TX",False,small,30,4.5,"[500, 800]","['italian', 'casual', 'natural_lighting', 'vegan', 'mexican']",1,True,mid
biz_0185,"Becker, Lara and Baker",home_real_estate,['furniture'],[],"['social_posts', 'reels', 'blog_posts']","Portland, OR",True,small,8,4.3,"[500, 800]","['luxury', 'modern', 'diy', 'small_space']",0,False,mid
biz_0186,Lee-Wright,auto,"['luxury', 'ev']",[],"['podcast', 'blog_posts']","Philadelphia, PA",False,small,1,4.3,"[300, 800]","['vintage', 'test_drive', 'off_road', 'sedan', 'luxury']",2,True,small
biz_0187,"Evans, David and Hendrix",fashion,"['high_end', 'sustainable']",[],"['photography', 'blog_posts']","Austin, TX",True,small,0,,"[500, 1000]","['streetwear', 'ootd', 'minimalist']",3,True,small
biz_0188,Bush-Vaughn,fashion,"['vintage', 'sustainable']",[],['photography'],"Phoenix, AZ",True,small,1,4.5,"[300, 800]","['designer', 'lookbook', 'ootd', 'vintage', 'ethical']",3,True,mid
biz_0189,Stewart-Bailey,travel_hospitality,['attraction'],[],['long_form_video'],"Miami, FL",False,medium,5,4.3,"[1000, 2000]","['domestic', 'boutique', 'solo']",1,True,large
biz_0190,"Hill, Martinez and Rhodes",retail,"['big_box', 'specialty']",[],"['podcast', 'long_form_video']","Chicago, IL",False,small,15,4.0,"[200, 500]","['streetwear', 'boutique_finds', 'luxury', 'vintage']",2,True,any
biz_0191,Huang-Foster,travel_hospitality,"['bnb', 'luxury_resort']",[],"['social_posts', 'reels']","Nashville, TN",False,medium,8,4.7,"[1000, 2500]","['all_inclusive', 'couples', 'solo', 'international']",0,False,mid
biz_0192,Blevins-Ballard,home_real_estate,"['interior_design', 'home_improvement']",[],"['live_coverage', 'photography', 'blog_posts']","Portland, OR",False,medium,15,4.7,"[1000, 1500]","['garden', 'small_space', 'modern']",1,True,small
biz_0193,Williams-Moses,beauty_wellness,['fragrance'],[],"['long_form_video', 'live_coverage', 'podcast']","Seattle, WA",False,medium,8,3.5,"[1000, 1500]","['spa_day', 'skincare', 'luxury', 'clean_beauty', 'makeup_tutorial']",5,True,any
biz_0194,Reed Group,home_real_estate,"['property_management', 'home_improvement']",[],['photography'],"Austin, TX",False,small,30,4.5,"[200, 500]","['first_time_buyer', 'renovation', 'luxury']",1,False,any
biz_0195,"Scott, Mendoza and Harris",home_real_estate,['garden'],[],['reels'],"Phoenix, AZ",False,medium,15,4.7,"[1000, 2500]","['diy', 'renovation', 'first_time_buyer', 'luxury']",0,True,any
biz_0196,"Nelson, Hoffman and Nelson",auto,['service'],[],"['live_coverage', 'reels', 'photography']","Los Angeles, CA",True,small,30,4.5,"[500, 1200]","['luxury', 'vintage', 'truck', 'suv']",5,True,any
biz_0197,Gilbert PLC,auto,['used'],[],"['long_form_video', 'photography']","Denver, CO",False,small,0,,"[500, 1200]","['sedan', 'performance', 'off_road', 'truck']",1,True,any
biz_0198,Sanchez Ltd,fitness_sports,"['outdoor', 'personal_training']",[],['live_coverage'],"Austin, TX",False,small,0,,"[500, 1000]","['nutrition', 'outdoor', 'recovery', 'gear_review']",2,True,mid
biz_0199,"Perez, Hall and Garcia",retail,"['specialty', 'boutique']",[],"['live_coverage', 'blog_posts']","Dallas, TX",True,small,2,4.7,"[200, 500]","['boutique_finds', 'tech_gadgets', 'kids', 'vintage', 'outdoor']",0,True,any
biz_0200,Love-Garcia,travel_hospitality,"['attraction', 'luxury_resort']",[],"['blog_posts', 'live_coverage']","Seattle, WA",True,medium,1,4.5,"[1000, 2000]","['adventure', 'boutique', 'solo', 'couples']",0,True,mid
biz_0201,Smith PLC,beauty_wellness,['makeup'],[],"['social_posts', 'reels', 'podcast']","Seattle, WA",False,medium,8,3.5,"[1000, 1500]","['skincare', 'wellness', 'natural', 'spa_day', 'luxury']",1,True,mid
biz_0202,Russell Group,auto,['service'],[],['social_posts'],"New York, NY",False,large,30,4.0,"[1500, 3500]","['motorcycle', 'off_road', 'test_drive', 'performance', 'sedan']",1,True,small
biz_0203,Santos-Avila,beauty_wellness,['skincare'],[],"['live_coverage', 'podcast', 'blog_posts']","Chicago, IL",False,small,8,3.5,"[500, 800]","['anti_aging', 'clean_beauty', 'wellness', 'skincare', 'luxury']",1,True,small
biz_0204,Morris-Brewer,beauty_wellness,"['makeup', 'fragrance']",[],"['blog_posts', 'social_posts', 'long_form_video']","Houston, TX",False,small,30,3.5,"[500, 1200]","['self_care', 'luxury', 'skincare']",2,True,large
biz_0205,Pearson and Sons,fitness_sports,"['sports_retail', 'crossfit']",[],"['podcast', 'live_coverage', 'photography']","Miami, FL",False,medium,30,3.5,"[500, 1000]","['outdoor', 'gear_review', 'pilates', 'yoga', 'cycling']",2,True,small
biz_0206,"Rodgers, Jefferson and Johnson",auto,"['detailing', 'used']",[],['live_coverage'],"Dallas, TX",False,small,5,4.7,"[200, 500]","['suv', 'sedan', 'performance']",2,True,large
biz_0207,Butler and Sons,beauty_wellness,['makeup'],[],['podcast'],"Portland, OR",False,medium,30,4.7,"[800, 2300]","['wellness', 'luxury', 'makeup_tutorial']",1,True,mid
biz_0208,Osborn Group,fashion,"['streetwear', 'athleisure']",[],"['podcast', 'blog_posts']","Portland, OR",True,medium,0,,"[500, 1500]","['lookbook', 'designer', 'color_palette', 'minimalist']",5,True,mid
biz_0209,Lopez-Curry,fashion,['footwear'],[],['photography'],"Philadelphia, PA",True,small,2,4.0,"[300, 800]","['vintage', 'designer', 'ethical', 'minimalist', 'ootd']",1,True,mid
biz_0210,Mcdowell-Smith,fitness_sports,"['outdoor', 'sports_retail']",[],"['podcast', 'live_coverage']","Nashville, TN",False,small,8,4.3,"[200, 500]","['strength', 'cycling', 'nutrition', 'cardio']",1,True,small
biz_0211,"Morrison, Hebert and Rogers",auto,"['motorcycle', 'detailing']",[],['podcast'],"Philadelphia, PA",False,small,5,4.7,"[200, 700]","['performance', 'test_drive', 'vintage', 'suv']",3,True,any
biz_0212,Hays-Daniels,auto,"['motorcycle', 'used']",[],['blog_posts'],"Boston, MA",True,small,5,4.3,"[200, 900]","['off_road', 'performance', 'sedan', 'test_drive']",3,True,mid
biz_0213,Small-Anderson,home_real_estate,['garden'],[],"['blog_posts', 'reels', 'podcast']","Miami, FL",True,medium,30,4.3,"[800, 2300]","['investment', 'luxury', 'modern']",3,True,small
biz_0214,"Mcdonald, Lee and Rodriguez",auto,['motorcycle'],[],"['blog_posts', 'photography', 'live_coverage']","San Diego, CA",False,small,8,3.5,"[500, 800]","['electric_vehicle', 'suv', 'off_road', 'truck', 'luxury']",1,True,any
biz_0215,Simon Ltd,travel_hospitality,['tour_operator'],[],['photography'],"Denver, CO",False,small,8,4.7,"[300, 600]","['couples', 'luxury_travel', 'international', 'boutique', 'domestic']",0,True,large
biz_0216,Higgins-Smith,fitness_sports,['yoga'],[],['reels'],"Miami, FL",False,small,8,3.5,"[200, 500]","['pilates', 'outdoor', 'yoga']",0,True,mid
biz_0217,Gibbs-Bradley,retail,"['home_goods', 'electronics']",[],"['reels', 'blog_posts']","New York, NY",True,small,2,4.5,"[500, 1200]","['deals', 'streetwear', 'tech_gadgets']",1,True,any
biz_0218,Thompson Ltd,auto,['ev'],[],['blog_posts'],"Chicago, IL",False,medium,8,4.5,"[800, 2300]","['test_drive', 'motorcycle', 'electric_vehicle', 'suv', 'truck']",0,True,mid
biz_0219,Wilcox-Robertson,fashion,['sustainable'],[],"['live_coverage', 'reels']","Austin, TX",False,small,15,4.3,"[300, 600]","['streetwear', 'ootd', 'seasonal']",0,True,any
biz_0220,Morales Inc,home_real_estate,['real_estate_agency'],[],['podcast'],"New York, NY",True,small,1,4.5,"[500, 800]","['luxury', 'modern', 'diy', 'garden', 'traditional']",5,True,any
biz_0221,Holden Group,fashion,"['vintage', 'sustainable']",[],"['long_form_video', 'social_posts', 'live_coverage']","Phoenix, AZ",True,small,0,,"[200, 500]","['ootd', 'minimalist', 'seasonal']",1,True,any
biz_0222,Boyle-Smith,fashion,"['high_end', 'footwear']",[],['blog_posts'],"Los Angeles, CA",True,small,1,4.0,"[300, 1000]","['streetwear', 'color_palette', 'designer', 'lookbook']",0,True,any
biz_0223,Young-Molina,auto,"['service', 'motorcycle']",[],"['photography', 'long_form_video']","Phoenix, AZ",False,small,0,,"[500, 1000]","['suv', 'performance', 'luxury', 'motorcycle', 'off_road']",5,False,small
biz_0224,Turner-Sharp,beauty_wellness,['nail_salon'],[],"['blog_posts', 'photography', 'podcast']","Miami, FL",False,small,1,4.3,"[200, 700]","['wellness', 'skincare', 'spa_day']",1,True,mid
biz_0225,Green LLC,fashion,['athleisure'],[],"['social_posts', 'reels']","Austin, TX",True,medium,1,3.5,"[500, 1000]","['lookbook', 'minimalist', 'streetwear', 'designer']",1,True,mid
biz_0226,"Young, Contreras and Marshall",fitness_sports,['outdoor'],[],"['podcast', 'blog_posts']","San Diego, CA",False,small,8,4.3,"[300, 1000]","['cycling', 'nutrition', 'pilates', 'recovery', 'outdoor']",5,False,any
biz_0227,Sullivan PLC,home_real_estate,['property_management'],[],"['blog_posts', 'social_posts']","Austin, TX",False,small,0,,"[500, 800]","['investment', 'small_space', 'traditional', 'garden']",5,True,large
biz_0228,"Carrillo, Vaughn and Fowler",fashion,['footwear'],[],['live_coverage'],"Austin, TX",False,large,2,4.0,"[1500, 4500]","['ethical', 'color_palette', 'ootd', 'designer']",0,True,mid
biz_0229,Richardson-Walker,retail,['big_box'],[],['reels'],"Nashville, TN",False,medium,2,4.0,"[1000, 2500]","['kids', 'home_decor', 'tech_gadgets', 'luxury']",2,True,mid
biz_0230,Mendoza Group,food_beverage,"['bars', 'bakeries']",[],"['photography', 'reels', 'social_posts']","Brooklyn, NY",True,small,5,4.0,"[500, 1200]","['natural_lighting', 'magazine_quality', 'dessert', 'fine_dining', 'mexican']",1,True,mid
biz_0231,"Zhang, Brooks and Miles",retail,['specialty'],[],['live_coverage'],"Los Angeles, CA",False,small,1,4.5,"[200, 700]","['minimalist', 'outdoor', 'home_decor']",2,False,small
biz_0232,Todd-Pham,home_real_estate,['property_management'],[],"['podcast', 'reels']","Dallas, TX",False,medium,2,4.5,"[1000, 2000]","['luxury', 'modern', 'traditional', 'small_space']",2,True,mid
biz_0233,Gill Ltd,auto,"['used', 'luxury']",[],"['long_form_video', 'social_posts', 'blog_posts']","Brooklyn, NY",False,medium,0,,"[500, 2000]","['vintage', 'electric_vehicle', 'suv', 'off_road']",2,False,any
biz_0234,"Marks, Miller and Griffin",beauty_wellness,"['nail_salon', 'supplements']",[],"['live_coverage', 'social_posts']","Houston, TX",False,medium,8,4.5,"[800, 2300]","['luxury', 'clean_beauty', 'skincare', 'self_care']",0,True,any
biz_0235,"Cox, Stark and Rodriguez",home_real_estate,['garden'],[],"['blog_posts', 'podcast', 'social_posts']","Los Angeles, CA",True,medium,15,3.5,"[800, 2300]","['renovation', 'garden', 'small_space', 'modern']",5,True,small
biz_0236,"Leach, Harris and Herrera",auto,['motorcycle'],[],"['social_posts', 'reels', 'photography']","Seattle, WA",False,medium,0,,"[800, 1800]","['sedan', 'truck', 'motorcycle']",3,True,mid
biz_0237,Murphy PLC,food_beverage,['cafes'],[],"['blog_posts', 'reels']","Austin, TX",False,medium,8,4.3,"[800, 1800]","['dessert', 'fine_dining', 'asian']",5,True,mid
biz_0238,Wilson-Harris,fashion,['streetwear'],[],['live_coverage'],"Nashville, TN",False,small,8,4.7,"[200, 700]","['seasonal', 'lookbook', 'ootd', 'color_palette', 'minimalist']",5,False,mid
biz_0239,"Burns, Nolan and Griffin",fashion,['accessories'],[],"['long_form_video', 'blog_posts', 'live_coverage']","Denver, CO",False,small,8,4.3,"[500, 1000]","['ootd', 'lookbook', 'color_palette']",5,True,small
biz_0240,Chavez PLC,food_beverage,['bakeries'],[],"['podcast', 'social_posts']","San Francisco, CA",False,small,15,4.3,"[200, 500]","['farm_to_table', 'casual', 'dessert', 'wine_pairing', 'mexican']",2,True,small
biz_0241,Bryant-Brown,travel_hospitality,['bnb'],[],['long_form_video'],"Phoenix, AZ",False,small,0,,"[500, 1000]","['all_inclusive', 'budget_travel', 'solo', 'boutique', 'family']",3,False,mid
biz_0242,Chambers-Parker,beauty_wellness,"['supplements', 'skincare']",[],['live_coverage'],"San Diego, CA",False,medium,2,4.5,"[800, 1800]","['clean_beauty', 'anti_aging', 'wellness']",2,True,large
biz_0243,Foster Inc,travel_hospitality,"['bnb', 'attraction']",[],"['photography', 'reels', 'long_form_video']","Philadelphia, PA",False,small,1,3.5,"[500, 800]","['solo', 'all_inclusive', 'family', 'adventure']",2,True,any
biz_0244,"Robinson, Jones and Henderson",beauty_wellness,"['supplements', 'nail_salon']",[],['blog_posts'],"San Diego, CA",True,medium,15,3.5,"[800, 2300]","['spa_day', 'wellness', 'drugstore', 'makeup_tutorial', 'anti_aging']",1,True,small
biz_0245,"Brown, Mcknight and Michael",fitness_sports,"['outdoor', 'yoga']",[],"['photography', 'social_posts', 'reels']","Chicago, IL",False,medium,1,4.5,"[800, 1800]","['running', 'cardio', 'outdoor']",1,True,large
biz_0246,Andersen Group,fitness_sports,['sports_retail'],[],"['reels', 'social_posts', 'photography']","Philadelphia, PA",False,small,0,,"[200, 900]","['cycling', 'yoga', 'running', 'gear_review', 'strength']",0,True,mid
biz_0247,Mitchell and Sons,retail,['apparel'],[],"['podcast', 'social_posts']","San Francisco, CA",False,large,15,4.5,"[2000, 5000]","['luxury', 'vintage', 'deals', 'streetwear', 'minimalist']",0,True,mid
biz_0248,Cannon Ltd,travel_hospitality,"['tour_operator', 'boutique_hotel']",[],['photography'],"Los Angeles, CA",False,large,8,4.5,"[3000, 5000]","['couples', 'international', 'family']",0,False,small
biz_0249,"Stuart, Brooks and Vance",food_beverage,"['casual_dining', 'catering']",[],"['blog_posts', 'photography']","San Diego, CA",True,small,8,3.5,"[500, 1200]","['casual', 'italian', 'dessert']",2,True,mid
biz_0250,Kane-Knox,fitness_sports,['outdoor'],[],"['social_posts', 'long_form_video']","Nashville, TN",False,small,0,,"[300, 600]","['gear_review', 'running', 'yoga']",5,False,any
biz_0251,Miller-Brandt,fashion,"['high_end', 'athleisure']",[],['podcast'],"Seattle, WA",False,small,30,4.7,"[500, 1000]","['minimalist', 'seasonal', 'designer', 'streetwear', 'vintage']",0,True,small
biz_0252,"Anderson, Dalton and Wilson",beauty_wellness,"['skincare', 'nail_salon']",[],['blog_posts'],"Philadelphia, PA",True,medium,0,,"[1000, 2500]","['wellness', 'luxury', 'clean_beauty', 'makeup_tutorial']",3,True,mid
biz_0253,"Long, Anderson and Irwin",travel_hospitality,['bnb'],[],"['blog_posts', 'live_coverage', 'social_posts']","Miami, FL",False,small,30,3.5,"[300, 600]","['adventure', 'domestic', 'family', 'all_inclusive']",2,True,mid
biz_0254,Avila LLC,fashion,['vintage'],[],"['social_posts', 'podcast', 'live_coverage']","Nashville, TN",True,small,0,,"[300, 1000]","['vintage', 'luxury', 'ethical']",1,True,mid
biz_0255,Nunez-Stephens,food_beverage,"['cafes', 'bars']",[],"['long_form_video', 'live_coverage']","Chicago, IL",False,medium,2,4.5,"[500, 2000]","['dessert', 'italian', 'vegan', 'asian']",2,True,any
biz_0256,"Gray, Hall and Murray",beauty_wellness,['makeup'],[],"['live_coverage', 'long_form_video']","Austin, TX",False,small,1,4.0,"[300, 600]","['wellness', 'natural', 'makeup_tutorial']",1,False,mid
biz_0257,Hill Ltd,fashion,['accessories'],[],"['photography', 'long_form_video']","Seattle, WA",True,medium,0,,"[800, 1800]","['ethical', 'ootd', 'streetwear', 'vintage', 'seasonal']",5,True,large
biz_0258,Johnson Ltd,beauty_wellness,['supplements'],[],['long_form_video'],"Dallas, TX",False,small,5,4.5,"[200, 900]","['skincare', 'makeup_tutorial', 'drugstore']",1,False,mid
biz_0259,Mendez-Mayer,auto,"['motorcycle', 'ev']",[],['podcast'],"Los Angeles, CA",False,large,0,,"[2000, 5000]","['motorcycle', 'suv', 'off_road']",5,True,small
biz_0260,Allen Inc,auto,['service'],[],['social_posts'],"Boston, MA",False,large,8,3.5,"[1500, 3500]","['sedan', 'suv', 'performance', 'off_road', 'vintage']",1,False,mid
biz_0261,Wheeler Group,retail,"['specialty', 'electronics']",[],"['reels', 'long_form_video', 'social_posts']","Denver, CO",True,medium,30,3.5,"[800, 2300]","['streetwear', 'minimalist', 'kids', 'vintage', 'tech_gadgets']",0,True,mid
biz_0262,"Powers, Brennan and Sanchez",retail,['big_box'],[],"['podcast', 'reels', 'live_coverage']","San Francisco, CA",False,medium,8,3.5,"[1000, 2000]","['streetwear', 'vintage', 'kids', 'home_decor']",3,True,mid
biz_0263,Morales and Sons,food_beverage,"['casual_dining', 'specialty_foods']",[],"['reels', 'live_coverage', 'blog_posts']","Seattle, WA",False,large,5,4.7,"[3000, 6000]","['dessert', 'italian', 'brunch']",3,True,mid
biz_0264,"Robinson, Shields and Brown",fashion,"['accessories', 'sustainable']",[],['photography'],"Atlanta, GA",False,medium,5,4.0,"[500, 1500]","['minimalist', 'color_palette', 'lookbook', 'luxury']",1,True,small
biz_0265,"Holder, Young and Hendricks",home_real_estate,"['property_management', 'garden']",[],['blog_posts'],"Seattle, WA",True,small,30,4.5,"[300, 800]","['garden', 'diy', 'luxury']",1,True,mid
biz_0266,"Flores, Harper and Chambers",beauty_wellness,['skincare'],[],"['photography', 'social_posts']","Nashville, TN",False,small,30,3.5,"[300, 600]","['wellness', 'self_care', 'natural', 'spa_day', 'anti_aging']",1,False,any
biz_0267,Young-Walter,travel_hospitality,['luxury_resort'],[],"['blog_posts', 'podcast', 'live_coverage']","San Diego, CA",False,small,2,4.5,"[300, 600]","['solo', 'boutique', 'adventure']",3,True,any
biz_0268,"Boyd, Gutierrez and Hill",travel_hospitality,['luxury_resort'],[],"['long_form_video', 'blog_posts', 'photography']","Los Angeles, CA",False,medium,0,,"[1000, 2500]","['solo', 'domestic', 'family', 'international']",0,True,any
biz_0269,"Fry, Hobbs and Buck",food_beverage,"['casual_dining', 'cafes']",[],['photography'],"Miami, FL",False,medium,30,4.5,"[800, 2300]","['vegan', 'mexican', 'wine_pairing', 'farm_to_table']",1,True,any
biz_0270,"Shelton, Peters and Williams",retail,['electronics'],[],"['podcast', 'social_posts', 'blog_posts']","San Francisco, CA",False,medium,2,3.5,"[800, 2300]","['vintage', 'kids', 'minimalist', 'outdoor']",0,True,small
biz_0271,David-Powers,travel_hospitality,"['tour_operator', 'attraction']",[],"['podcast', 'long_form_video', 'blog_posts']","Brooklyn, NY",False,medium,8,4.3,"[800, 2300]","['luxury_travel', 'solo', 'domestic']",0,True,large
biz_0272,"Flores, Butler and Hernandez",travel_hospitality,['boutique_hotel'],[],"['podcast', 'blog_posts']","Houston, TX",True,small,1,4.3,"[500, 1000]","['family', 'solo', 'couples', 'boutique', 'luxury_travel']",1,False,any
biz_0273,White-Medina,food_beverage,"['food_trucks', 'casual_dining']",[],"['blog_posts', 'live_coverage']","Miami, FL",False,small,30,3.5,"[300, 1000]","['dessert', 'vegan', 'farm_to_table']",0,False,any
biz_0274,Atkinson LLC,food_beverage,['bars'],[],['social_posts'],"Philadelphia, PA",False,medium,8,4.3,"[1000, 2000]","['vegan', 'magazine_quality', 'natural_lighting', 'brunch']",5,True,any
biz_0275,"Thomas, Ford and Brown",retail,"['boutique', 'home_goods']",[],"['social_posts', 'reels']","Boston, MA",False,medium,0,,"[800, 2300]","['home_decor', 'luxury', 'boutique_finds', 'tech_gadgets', 'streetwear']",5,True,mid
biz_0276,Faulkner-Grant,retail,"['apparel', 'electronics']",[],['social_posts'],"Denver, CO",True,medium,1,4.7,"[1000, 1500]","['home_decor', 'vintage', 'kids', 'streetwear', 'deals']",1,True,small
biz_0277,Price LLC,auto,['detailing'],[],['social_posts'],"New York, NY",False,large,2,4.0,"[1500, 4500]","['off_road', 'electric_vehicle', 'performance']",1,True,mid
biz_0278,Rivera Inc,home_real_estate,['property_management'],[],"['social_posts', 'podcast', 'reels']","San Diego, CA",False,small,0,,"[500, 800]","['minimalist', 'diy', 'first_time_buyer', 'investment']",1,True,mid
biz_0279,Boone-Davis,beauty_wellness,['supplements'],[],['long_form_video'],"Dallas, TX",False,small,15,4.7,"[500, 1000]","['wellness', 'makeup_tutorial', 'natural']",1,True,any
biz_0280,"Calderon, Williams and Bennett",food_beverage,"['bars', 'specialty_foods']",[],"['photography', 'social_posts']","Brooklyn, NY",False,small,30,3.5,"[300, 600]","['asian', 'italian', 'wine_pairing']",5,False,mid
biz_0281,"Morrison, Russo and Lopez",auto,"['detailing', 'used']",[],"['live_coverage', 'blog_posts']","San Diego, CA",True,small,2,4.7,"[500, 800]","['sedan', 'suv', 'test_drive', 'off_road']",1,True,any
biz_0282,"Ramsey, Hansen and Mendoza",fitness_sports,"['personal_training', 'outdoor']",[],['live_coverage'],"Atlanta, GA",True,small,1,4.5,"[300, 800]","['yoga', 'gear_review', 'cycling', 'pilates']",5,True,any
biz_0283,Turner-Stout,retail,['electronics'],[],['photography'],"Dallas, TX",False,small,15,4.0,"[200, 700]","['streetwear', 'minimalist', 'luxury']",5,True,mid
biz_0284,Giles Ltd,home_real_estate,"['interior_design', 'property_management']",[],['reels'],"Austin, TX",True,large,5,4.0,"[3000, 6000]","['first_time_buyer', 'modern', 'luxury']",1,True,mid
biz_0285,Burgess Group,food_beverage,"['cafes', 'catering']",[],"['long_form_video', 'podcast', 'photography']","Phoenix, AZ",True,small,1,4.3,"[300, 1000]","['farm_to_table', 'dessert', 'brunch', 'natural_lighting', 'asian']",1,True,mid
biz_0286,Dominguez Ltd,fitness_sports,['crossfit'],[],"['long_form_video', 'live_coverage', 'photography']","Phoenix, AZ",False,medium,2,4.0,"[1000, 1500]","['nutrition', 'outdoor', 'running', 'recovery', 'yoga']",0,True,any
biz_0287,Sanders and Sons,travel_hospitality,['attraction'],[],"['social_posts', 'photography', 'reels']","New York, NY",False,small,1,4.3,"[200, 700]","['budget_travel', 'boutique', 'domestic', 'family']",0,True,mid
biz_0288,"Morris, Campbell and Owens",home_real_estate,['real_estate_agency'],[],"['long_form_video', 'podcast', 'social_posts']","Philadelphia, PA",True,small,2,4.7,"[500, 800]","['first_time_buyer', 'luxury', 'renovation', 'garden']",5,True,any
biz_0289,"Howard, Green and Hunt",food_beverage,"['bars', 'casual_dining']",[],"['social_posts', 'blog_posts', 'reels']","San Diego, CA",False,small,15,4.7,"[200, 700]","['farm_to_table', 'italian', 'dessert']",5,True,any
biz_0290,Owens-Lang,home_real_estate,"['home_improvement', 'garden']",[],['reels'],"San Francisco, CA",True,small,30,4.3,"[300, 1000]","['small_space', 'diy', 'investment', 'first_time_buyer']",3,True,small
biz_0291,"Harrison, Franco and Rocha",travel_hospitality,"['tour_operator', 'luxury_resort']",[],"['live_coverage', 'podcast', 'reels']","Brooklyn, NY",False,medium,1,4.5,"[500, 2000]","['all_inclusive', 'luxury_travel', 'couples', 'adventure']",0,True,mid
biz_0292,Edwards-Williams,beauty_wellness,['nail_salon'],[],"['live_coverage', 'reels']","San Francisco, CA",False,small,15,4.5,"[500, 800]","['natural', 'self_care', 'skincare', 'wellness']",0,True,mid
biz_0293,Figueroa Inc,auto,"['ev', 'motorcycle']",[],"['live_coverage', 'social_posts', 'long_form_video']","San Francisco, CA",False,small,2,4.0,"[200, 500]","['motorcycle', 'luxury', 'test_drive']",1,True,large
biz_0294,Tran-Silva,travel_hospitality,['attraction'],[],['reels'],"Phoenix, AZ",True,small,2,4.7,"[200, 500]","['domestic', 'luxury_travel', 'international', 'couples']",3,True,any
biz_0295,"Butler, Hernandez and Rivera",retail,"['electronics', 'boutique']",[],"['blog_posts', 'long_form_video', 'social_posts']","Houston, TX",True,medium,2,4.3,"[800, 1800]","['streetwear', 'boutique_finds', 'kids', 'luxury', 'tech_gadgets']",3,True,small
biz_0296,Hudson-Sanchez,travel_hospitality,['luxury_resort'],[],"['live_coverage', 'long_form_video', 'social_posts']","Dallas, TX",False,medium,5,4.0,"[1000, 2500]","['luxury_travel', 'international', 'budget_travel']",0,True,mid
biz_0297,"Pena, Cohen and Scott",fashion,['vintage'],[],['live_coverage'],"Denver, CO",False,small,15,4.3,"[300, 1000]","['ethical', 'streetwear', 'vintage']",2,True,any
biz_0298,Levy-May,home_real_estate,"['property_management', 'home_improvement']",[],['podcast'],"Dallas, TX",True,small,0,,"[200, 700]","['minimalist', 'traditional', 'modern']",3,True,small
biz_0299,Murray-Oconnor,food_beverage,"['bakeries', 'food_trucks']",[],"['blog_posts', 'social_posts']","Houston, TX",False,small,5,4.0,"[200, 500]","['natural_lighting', 'fine_dining', 'asian']",5,False,small
biz_0300,Jackson-Cortez,food_beverage,"['cafes', 'fine_dining']",[],"['social_posts', 'podcast', 'photography']","San Francisco, CA",False,small,30,3.5,"[500, 1200]","['asian', 'vegan', 'magazine_quality']",1,True,small
