id,name,primary_category,primary_subcategories,secondary_categories,content_types,location,remote_friendly,follower_count,engagement_rate,past_gigs_completed,avg_rating,budget_range_per_gig,niche_tags,response_time_hours_avg,active_in_last_30_days
creator_0001,Allison Hill,auto,['ev'],['beauty_wellness'],"['reels', 'live_coverage']","Nashville, TN",True,604,0.0263,0,,"[800, 1200]","['electric_vehicle', 'motorcycle', 'test_drive', 'vintage']",21.8,True
creator_0002,Noah Rhodes,food_beverage,['specialty_foods'],[],['blog_posts'],"Nashville, TN",True,616,0.0693,5,5.0,"[100, 1100]","['farm_to_table', 'mexican', 'vegan', 'fine_dining', 'asian']",44.3,True
creator_0003,Angie Henderson,fashion,"['footwear', 'athleisure', 'vintage']",[],"['reels', 'long_form_video']","Atlanta, GA",True,125733,0.0366,30,4.8,"[300, 700]","['luxury', 'streetwear', 'vintage', 'ootd']",32.3,True
creator_0004,Daniel Wagner,auto,['parts'],[],"['social_posts', 'podcast', 'long_form_video']","Miami, FL",True,35796,0.069,0,,"[200, 400]","['performance', 'suv', 'truck', 'test_drive']",3.6,False
creator_0005,Cristian Santos,fitness_sports,"['outdoor', 'personal_training']",['beauty_wellness'],"['podcast', 'photography', 'live_coverage']","Brooklyn, NY",False,6099,0.0508,10,4.0,"[200, 1200]","['outdoor', 'yoga', 'pilates', 'running']",41.4,True
creator_0006,Connie Lawrence,retail,"['big_box', 'apparel']",[],"['podcast', 'photography', 'social_posts']","Philadelphia, PA",False,683,0.0404,30,3.5,"[1200, 1800]","['minimalist', 'luxury', 'boutique_finds', 'kids', 'streetwear', 'deals']",24.6,True
creator_0007,Abigail Shaffer,fashion,"['vintage', 'streetwear', 'accessories']",[],"['reels', 'live_coverage']","Brooklyn, NY",True,193774,0.0715,5,4.0,"[100, 500]","['minimalist', 'seasonal', 'streetwear', 'ethical', 'designer']",23.6,True
creator_0008,Gina Moore,retail,"['electronics', 'home_goods', 'specialty']",['fashion'],"['social_posts', 'photography', 'blog_posts']","Boston, MA",True,158067,0.0416,2,4.0,"[100, 700]","['kids', 'home_decor', 'boutique_finds', 'outdoor']",11.4,True
creator_0009,Gabrielle Davis,auto,['ev'],[],"['long_form_video', 'photography', 'blog_posts']","Chicago, IL",True,1389,0.0193,30,4.0,"[500, 1500]","['luxury', 'sedan', 'electric_vehicle']",31.8,True
creator_0010,Ryan Munoz,travel_hospitality,"['boutique_hotel', 'attraction', 'tour_operator']",[],"['long_form_video', 'blog_posts']","New York, NY",True,1123,0.0424,0,,"[500, 700]","['solo', 'budget_travel', 'family', 'boutique', 'international', 'couples']",26.2,True
creator_0011,Monica Herrera,auto,['ev'],[],['blog_posts'],"San Francisco, CA",True,320,0.0373,30,4.2,"[500, 1500]","['suv', 'test_drive', 'off_road', 'truck', 'motorcycle', 'luxury']",10.8,True
creator_0012,Jamie Arnold,food_beverage,['fine_dining'],[],['reels'],"New York, NY",True,19279,0.0573,2,4.5,"[100, 500]","['casual', 'wine_pairing', 'mexican', 'italian', 'asian', 'natural_lighting']",20.4,True
creator_0013,Lisa Hensley,fitness_sports,['outdoor'],[],"['photography', 'blog_posts', 'live_coverage']","Brooklyn, NY",True,193666,0.0755,0,,"[500, 700]","['pilates', 'outdoor', 'cycling', 'cardio', 'running']",24.5,True
creator_0014,Michele Williams,fitness_sports,['crossfit'],[],"['reels', 'social_posts', 'podcast']","Nashville, TN",True,2501,0.0564,1,4.2,"[100, 300]","['yoga', 'nutrition', 'outdoor', 'recovery', 'running']",13.9,True
creator_0015,Dylan Miller,fitness_sports,"['sports_retail', 'personal_training']",['travel_hospitality'],['reels'],"Nashville, TN",True,3167,0.0192,5,4.0,"[1200, 2200]","['strength', 'cardio', 'cycling', 'nutrition', 'yoga']",27.1,True
creator_0016,Brian Ramirez,retail,"['big_box', 'boutique']",[],"['live_coverage', 'reels']","Nashville, TN",False,157316,0.0247,2,4.8,"[100, 700]","['minimalist', 'tech_gadgets', 'streetwear', 'kids']",19.8,True
creator_0017,Holly Wood,retail,['electronics'],[],"['live_coverage', 'blog_posts']","Seattle, WA",False,80668,0.0705,2,4.2,"[200, 400]","['minimalist', 'streetwear', 'tech_gadgets', 'deals']",41.3,True
creator_0018,Derek Zuniga,home_real_estate,['home_improvement'],[],"['live_coverage', 'reels']","Boston, MA",True,251574,0.0295,50,4.5,"[1200, 1800]","['renovation', 'garden', 'luxury']",46.6,True
creator_0019,Lisa Jackson,fashion,"['athleisure', 'accessories']",['fitness_sports'],['photography'],"Atlanta, GA",True,429,0.0405,50,5.0,"[800, 1200]","['ootd', 'seasonal', 'luxury', 'vintage', 'ethical']",45.6,False
creator_0020,Carla Gray,fitness_sports,['outdoor'],[],"['photography', 'podcast', 'long_form_video']","Dallas, TX",True,1189,0.0565,20,4.8,"[1200, 1600]","['recovery', 'outdoor', 'cycling', 'yoga', 'pilates']",40.1,True
creator_0021,Margaret Hawkins DDS,beauty_wellness,"['fragrance', 'supplements', 'makeup']",[],"['reels', 'photography', 'podcast']","Austin, TX",False,31014,0.0533,0,,"[200, 800]","['drugstore', 'self_care', 'wellness', 'anti_aging', 'spa_day', 'skincare']",7.5,True
creator_0022,Patty Perez,home_real_estate,['interior_design'],[],['social_posts'],"San Diego, CA",False,36548,0.0725,0,,"[500, 900]","['minimalist', 'renovation', 'garden', 'investment', 'first_time_buyer', 'traditional']",33.6,True
creator_0023,Ethan Adams,beauty_wellness,['spa'],[],"['podcast', 'social_posts']","Denver, CO",True,149989,0.0399,50,4.5,"[200, 1200]","['drugstore', 'spa_day', 'natural', 'luxury']",12.2,True
creator_0024,Tommy Walter,home_real_estate,"['interior_design', 'furniture']",[],['long_form_video'],"Portland, OR",True,896,0.0368,1,4.8,"[200, 400]","['renovation', 'small_space', 'luxury', 'diy', 'investment']",26.3,True
creator_0025,Matthew Foster,beauty_wellness,"['nail_salon', 'fragrance']",[],['photography'],"Phoenix, AZ",True,2487,0.0373,20,4.7,"[1200, 1600]","['self_care', 'luxury', 'drugstore']",21.2,True
creator_0026,Judy Baker,fitness_sports,"['outdoor', 'yoga']",[],"['reels', 'live_coverage', 'blog_posts']","Miami, FL",True,807,0.0423,0,,"[300, 1300]","['yoga', 'recovery', 'strength', 'pilates', 'outdoor', 'running']",16.0,True
creator_0027,Justin Baker,travel_hospitality,"['bnb', 'boutique_hotel']",['home_real_estate'],"['reels', 'live_coverage', 'long_form_video']","Los Angeles, CA",True,1253,0.0114,1,4.0,"[200, 1200]","['luxury_travel', 'boutique', 'all_inclusive', 'adventure', 'budget_travel', 'domestic']",10.9,True
creator_0028,Stephanie Ross,fitness_sports,"['outdoor', 'gym', 'yoga']",['fashion'],"['blog_posts', 'social_posts']","Los Angeles, CA",False,1244,0.0514,2,3.5,"[1200, 1800]","['cardio', 'strength', 'outdoor', 'nutrition', 'running']",27.4,True
creator_0029,Zachary Hicks,travel_hospitality,['attraction'],[],"['social_posts', 'blog_posts']","Denver, CO",True,41872,0.0405,50,4.8,"[300, 1300]","['luxury_travel', 'international', 'domestic', 'all_inclusive', 'family']",35.2,True
creator_0030,Anthony Rodriguez,beauty_wellness,['makeup'],[],"['long_form_video', 'blog_posts']","Nashville, TN",True,1368,0.0658,10,4.2,"[800, 1400]","['wellness', 'drugstore', 'luxury', 'makeup_tutorial', 'clean_beauty', 'self_care']",45.5,True
creator_0031,Rebecca Henderson,travel_hospitality,['tour_operator'],[],"['long_form_video', 'photography', 'podcast']","Atlanta, GA",True,4046,0.0487,10,4.5,"[1200, 1800]","['domestic', 'luxury_travel', 'budget_travel', 'adventure', 'all_inclusive', 'family']",13.4,True
creator_0032,James Ferrell,auto,"['luxury', 'detailing']",[],"['podcast', 'live_coverage', 'social_posts']","San Diego, CA",True,2233,0.017,2,4.2,"[200, 800]","['off_road', 'test_drive', 'suv', 'performance']",34.1,True
creator_0033,Tricia Valencia,food_beverage,"['bars', 'food_trucks', 'casual_dining']",[],"['photography', 'long_form_video']","Phoenix, AZ",True,249168,0.0277,30,3.5,"[100, 1100]","['asian', 'italian', 'brunch', 'farm_to_table', 'magazine_quality', 'vegan']",30.4,True
creator_0034,Nathan Maldonado,retail,"['apparel', 'electronics']",[],"['blog_posts', 'live_coverage', 'social_posts']","Los Angeles, CA",False,2466,0.0512,20,4.2,"[800, 1000]","['kids', 'minimalist', 'home_decor']",10.4,True
creator_0035,Debra Davidson,auto,"['luxury', 'ev', 'motorcycle']",['retail'],"['photography', 'social_posts', 'blog_posts']","Portland, OR",True,517,0.0263,5,5.0,"[1200, 1600]","['suv', 'test_drive', 'vintage', 'luxury', 'electric_vehicle', 'performance']",11.2,True
creator_0036,Jeffrey Chavez,fashion,['high_end'],[],"['social_posts', 'photography']","Brooklyn, NY",True,39737,0.076,50,4.7,"[500, 1500]","['ethical', 'designer', 'color_palette', 'streetwear']",42.7,True
creator_0037,Sherri Baker,fashion,"['footwear', 'vintage', 'accessories']",['auto'],"['podcast', 'social_posts']","Phoenix, AZ",True,6709,0.0295,20,4.8,"[500, 700]","['ethical', 'streetwear', 'minimalist']",16.3,True
creator_0038,Cassandra Gaines,retail,"['specialty', 'home_goods', 'boutique']",[],"['photography', 'reels']","Portland, OR",True,257367,0.0383,50,5.0,"[100, 1100]","['luxury', 'vintage', 'deals']",25.1,True
creator_0039,Elizabeth Fowler,home_real_estate,['home_improvement'],[],"['reels', 'live_coverage']","Nashville, TN",True,262688,0.0526,2,4.8,"[200, 800]","['investment', 'diy', 'small_space', 'renovation', 'luxury']",19.9,True
creator_0040,Brittany Farmer,auto,['detailing'],[],"['blog_posts', 'long_form_video']","Brooklyn, NY",True,7419,0.0201,2,4.7,"[800, 1200]","['suv', 'vintage', 'motorcycle', 'off_road']",38.0,True
creator_0041,Paula Moreno,fashion,"['accessories', 'athleisure']",[],"['blog_posts', 'live_coverage', 'photography']","Portland, OR",True,128470,0.0787,2,4.7,"[500, 900]","['minimalist', 'color_palette', 'seasonal', 'designer', 'ootd', 'ethical']",35.9,True
creator_0042,Fred Smith,travel_hospitality,"['luxury_resort', 'tour_operator', 'boutique_hotel']",[],"['reels', 'podcast']","Brooklyn, NY",True,170343,0.0111,1,4.5,"[1200, 1600]","['boutique', 'solo', 'budget_travel', 'international']",46.5,True
creator_0043,Sherry Decker,travel_hospitality,"['attraction', 'tour_operator']",[],['social_posts'],"Los Angeles, CA",False,35743,0.0301,2,4.8,"[100, 1100]","['domestic', 'boutique', 'luxury_travel', 'couples', 'all_inclusive']",33.9,True
creator_0044,Anthony Humphrey,retail,['apparel'],[],['long_form_video'],"Seattle, WA",True,12402,0.0496,1,4.0,"[200, 400]","['streetwear', 'boutique_finds', 'deals', 'tech_gadgets', 'home_decor']",11.9,False
creator_0045,Angelica Tucker,retail,"['specialty', 'home_goods']",['travel_hospitality'],['blog_posts'],"Denver, CO",False,216624,0.0791,5,4.8,"[500, 1100]","['luxury', 'boutique_finds', 'tech_gadgets']",10.0,True
creator_0046,Philip Cannon,home_real_estate,"['real_estate_agency', 'garden', 'property_management']",['beauty_wellness'],"['live_coverage', 'social_posts', 'reels']","Austin, TX",True,170549,0.0622,5,5.0,"[200, 800]","['modern', 'garden', 'small_space', 'minimalist', 'first_time_buyer']",30.0,True
creator_0047,John Pierce,retail,"['boutique', 'apparel', 'home_goods']",[],"['blog_posts', 'long_form_video', 'social_posts']","San Diego, CA",True,787,0.0478,10,4.7,"[800, 1400]","['streetwear', 'deals', 'tech_gadgets', 'outdoor', 'luxury', 'kids']",39.7,True
creator_0048,Shane Henderson,fashion,"['footwear', 'high_end']",[],"['photography', 'reels', 'blog_posts']","Seattle, WA",False,348,0.0476,30,4.2,"[1200, 1800]","['luxury', 'minimalist', 'vintage', 'ootd', 'lookbook', 'color_palette']",45.2,True
creator_0049,Joshua Blair,beauty_wellness,"['fragrance', 'makeup', 'nail_salon']",[],"['reels', 'long_form_video']","Nashville, TN",True,432,0.0126,30,3.5,"[100, 500]","['skincare', 'drugstore', 'anti_aging', 'natural']",22.0,True
creator_0050,Eric Carney,travel_hospitality,"['luxury_resort', 'tour_operator', 'bnb']",[],['social_posts'],"Atlanta, GA",True,4088,0.041,2,5.0,"[300, 500]","['domestic', 'international', 'couples']",46.9,True
creator_0051,Jessica Holmes,travel_hospitality,"['boutique_hotel', 'luxury_resort']",['food_beverage'],['live_coverage'],"Austin, TX",True,15621,0.0148,50,4.0,"[800, 1200]","['luxury_travel', 'solo', 'family']",7.5,False
creator_0052,Danny Morgan,food_beverage,['bars'],['retail'],['photography'],"New York, NY",True,74123,0.0267,10,3.5,"[200, 800]","['asian', 'dessert', 'italian', 'mexican']",20.5,True
creator_0053,Crystal Robinson,auto,"['parts', 'motorcycle']",[],"['reels', 'social_posts', 'podcast']","Seattle, WA",True,2540,0.055,0,,"[100, 1100]","['suv', 'motorcycle', 'off_road']",5.6,True
creator_0054,Mark Perez,home_real_estate,"['garden', 'home_improvement']",['food_beverage'],"['podcast', 'live_coverage']","Nashville, TN",True,2424,0.0454,20,3.5,"[1200, 1400]","['diy', 'small_space', 'luxury']",10.7,True
creator_0055,Shannon Jones,beauty_wellness,"['spa', 'nail_salon']",[],"['photography', 'live_coverage', 'long_form_video']","Portland, OR",True,36346,0.0432,0,,"[100, 300]","['natural', 'luxury', 'self_care']",35.6,False
creator_0056,Michael Lewis,food_beverage,"['food_trucks', 'catering', 'fine_dining']",[],"['photography', 'reels']","Nashville, TN",True,17129,0.0249,30,4.0,"[100, 700]","['fine_dining', 'dessert', 'natural_lighting', 'italian', 'farm_to_table', 'magazine_quality']",36.7,True
creator_0057,Timothy Duncan,travel_hospitality,"['attraction', 'boutique_hotel', 'bnb']",[],"['photography', 'reels']","Brooklyn, NY",True,1107,0.02,20,3.5,"[200, 400]","['luxury_travel', 'adventure', 'couples', 'solo', 'boutique']",10.7,True
creator_0058,Richard Aguirre,fitness_sports,"['crossfit', 'sports_retail', 'gym']",['retail'],"['reels', 'photography', 'blog_posts']","Philadelphia, PA",True,30606,0.044,30,4.5,"[300, 700]","['yoga', 'gear_review', 'strength']",20.9,True
creator_0059,Brent Jordan,home_real_estate,"['furniture', 'home_improvement']",[],['live_coverage'],"San Diego, CA",True,1847,0.033,0,,"[500, 1500]","['minimalist', 'modern', 'investment', 'traditional', 'diy', 'garden']",25.8,True
creator_0060,John Daniel,fitness_sports,"['gym', 'personal_training', 'outdoor']",['home_real_estate'],"['reels', 'blog_posts']","Brooklyn, NY",True,365,0.0327,30,5.0,"[1200, 1800]","['cardio', 'running', 'cycling', 'outdoor', 'pilates', 'recovery']",5.5,True
creator_0061,Victoria Garcia,travel_hospitality,"['bnb', 'attraction']",[],"['reels', 'podcast', 'social_posts']","Austin, TX",True,1207,0.0643,10,4.8,"[1200, 1600]","['solo', 'adventure', 'budget_travel', 'couples']",12.7,True
creator_0062,Gerald Hensley,retail,"['apparel', 'electronics', 'specialty']",[],['blog_posts'],"Atlanta, GA",True,506,0.041,5,5.0,"[300, 500]","['outdoor', 'luxury', 'deals', 'minimalist', 'kids', 'tech_gadgets']",15.2,True
creator_0063,Connor West,food_beverage,"['casual_dining', 'food_trucks']",[],"['blog_posts', 'podcast']","Miami, FL",True,14552,0.0654,0,,"[500, 900]","['brunch', 'wine_pairing', 'casual']",24.3,False
creator_0064,Donald Wright,home_real_estate,"['property_management', 'furniture']",['travel_hospitality'],"['podcast', 'live_coverage', 'long_form_video']","Miami, FL",True,3905,0.0743,20,4.5,"[300, 500]","['modern', 'renovation', 'first_time_buyer', 'investment']",5.0,True
creator_0065,Jessica Callahan,fashion,"['vintage', 'streetwear', 'athleisure']",['home_real_estate'],"['social_posts', 'live_coverage']","Miami, FL",False,30648,0.019,0,,"[300, 1300]","['designer', 'minimalist', 'lookbook']",32.3,False
creator_0066,Amber Kidd,auto,"['parts', 'used']",[],['photography'],"Dallas, TX",False,220295,0.044,2,4.0,"[200, 400]","['sedan', 'vintage', 'performance']",5.3,True
creator_0067,Tracy House,food_beverage,"['cafes', 'bars', 'bakeries']",[],"['blog_posts', 'reels', 'live_coverage']","Austin, TX",True,3916,0.0604,30,4.7,"[300, 1300]","['mexican', 'wine_pairing', 'brunch', 'dessert']",15.2,False
creator_0068,Carol Tucker,home_real_estate,['real_estate_agency'],[],['live_coverage'],"Atlanta, GA",True,1256,0.0523,5,3.5,"[1200, 2200]","['first_time_buyer', 'small_space', 'garden', 'investment', 'minimalist', 'renovation']",5.4,False
creator_0069,James Brown,auto,['used'],['home_real_estate'],"['reels', 'blog_posts']","Austin, TX",True,456,0.0451,2,4.5,"[100, 700]","['motorcycle', 'performance', 'truck', 'luxury', 'electric_vehicle', 'off_road']",44.7,False
creator_0070,William Baker,fitness_sports,['gym'],[],['reels'],"Los Angeles, CA",False,360,0.0251,1,4.7,"[1200, 2200]","['nutrition', 'yoga', 'gear_review', 'pilates', 'outdoor']",11.8,True
creator_0071,Jordan Henderson,beauty_wellness,"['spa', 'hair_salon', 'supplements']",[],['social_posts'],"San Diego, CA",True,852,0.04,10,4.0,"[800, 1800]","['self_care', 'spa_day', 'clean_beauty', 'natural', 'anti_aging', 'luxury']",4.6,False
creator_0072,Whitney Peters,auto,"['parts', 'motorcycle', 'detailing']",[],"['blog_posts', 'photography', 'social_posts']","Los Angeles, CA",False,55201,0.035,0,,"[300, 700]","['truck', 'suv', 'luxury']",35.4,True
creator_0073,Brittney Phillips,food_beverage,"['cafes', 'specialty_foods']",[],"['reels', 'photography']","Philadelphia, PA",True,1272,0.0654,0,,"[300, 900]","['wine_pairing', 'magazine_quality', 'mexican', 'brunch', 'asian', 'fine_dining']",39.2,True
creator_0074,Lauren Daniels,food_beverage,['bars'],[],"['blog_posts', 'live_coverage']","Phoenix, AZ",True,53693,0.0726,20,4.2,"[200, 1200]","['italian', 'dessert', 'fine_dining', 'farm_to_table', 'asian']",38.4,True
creator_0075,Amy Silva,auto,['service'],[],['photography'],"Atlanta, GA",True,30391,0.0315,20,4.0,"[1200, 2200]","['motorcycle', 'vintage', 'sedan', 'luxury']",35.0,False
creator_0076,Sarah Moore,travel_hospitality,['boutique_hotel'],['home_real_estate'],"['live_coverage', 'blog_posts', 'reels']","San Francisco, CA",True,756,0.0265,10,4.2,"[500, 700]","['solo', 'boutique', 'adventure', 'luxury_travel', 'budget_travel', 'couples']",45.6,True
creator_0077,Angela Lopez,auto,"['used', 'service', 'motorcycle']",[],"['podcast', 'blog_posts']","Dallas, TX",True,174031,0.0182,5,4.8,"[500, 900]","['off_road', 'electric_vehicle', 'luxury', 'sedan', 'motorcycle']",47.9,True
creator_0078,Megan Young,retail,"['electronics', 'specialty']",[],"['podcast', 'photography', 'social_posts']","Los Angeles, CA",False,113262,0.0598,1,5.0,"[300, 700]","['deals', 'outdoor', 'vintage']",38.1,True
creator_0079,Steve Sanchez,home_real_estate,"['real_estate_agency', 'interior_design', 'home_improvement']",['fashion'],"['social_posts', 'blog_posts', 'podcast']","Brooklyn, NY",True,5399,0.0387,0,,"[200, 800]","['traditional', 'small_space', 'garden']",32.8,True
creator_0080,Lisa Barnes,retail,['specialty'],[],"['long_form_video', 'live_coverage']","Houston, TX",True,2937,0.0597,10,4.7,"[300, 500]","['vintage', 'kids', 'tech_gadgets']",45.9,True
creator_0081,Kelly Donovan,fashion,['vintage'],[],"['social_posts', 'podcast', 'photography']","Houston, TX",True,106558,0.0495,0,,"[100, 300]","['designer', 'minimalist', 'seasonal', 'lookbook']",36.9,True
creator_0082,Mike Allen,food_beverage,"['bars', 'food_trucks', 'cafes']",[],"['reels', 'long_form_video', 'blog_posts']","Miami, FL",True,5582,0.0425,10,4.7,"[200, 800]","['vegan', 'dessert', 'natural_lighting', 'farm_to_table', 'magazine_quality', 'italian']",41.4,False
creator_0083,Michael Evans,retail,"['big_box', 'apparel', 'home_goods']",[],['long_form_video'],"Austin, TX",False,617,0.0303,20,5.0,"[800, 1800]","['luxury', 'vintage', 'boutique_finds', 'home_decor']",43.4,False
creator_0084,Paul Jones,fitness_sports,"['sports_retail', 'personal_training']",['auto'],"['long_form_video', 'live_coverage']","Dallas, TX",True,17784,0.0134,5,4.5,"[800, 1800]","['outdoor', 'nutrition', 'strength', 'recovery', 'pilates', 'gear_review']",40.7,True
creator_0085,Zachary Ferrell,fashion,"['athleisure', 'high_end']",[],['blog_posts'],"San Francisco, CA",False,10298,0.0635,5,5.0,"[800, 1000]","['streetwear', 'seasonal', 'vintage', 'minimalist', 'ethical', 'ootd']",19.2,True
creator_0086,Daniel Baker,fitness_sports,"['yoga', 'outdoor']",[],"['podcast', 'blog_posts']","San Diego, CA",True,884,0.0725,1,4.2,"[800, 1400]","['recovery', 'strength', 'gear_review', 'nutrition', 'cardio', 'yoga']",29.8,False
creator_0087,Shirley Suarez,fitness_sports,"['sports_retail', 'personal_training', 'crossfit']",[],"['photography', 'social_posts', 'reels']","San Diego, CA",True,19531,0.0286,2,4.8,"[100, 1100]","['strength', 'running', 'recovery', 'nutrition', 'gear_review', 'pilates']",34.8,True
creator_0088,Christopher Bass,travel_hospitality,['boutique_hotel'],['fitness_sports'],"['blog_posts', 'long_form_video']","New York, NY",True,5481,0.0243,50,5.0,"[800, 1800]","['family', 'luxury_travel', 'domestic']",25.1,True
creator_0089,Lisa Archer,home_real_estate,"['home_improvement', 'interior_design']",[],['long_form_video'],"Phoenix, AZ",True,2172,0.0309,5,5.0,"[300, 700]","['investment', 'luxury', 'small_space', 'first_time_buyer', 'renovation']",17.1,False
creator_0090,Aimee Montoya,fashion,"['vintage', 'sustainable', 'accessories']",['fitness_sports'],['photography'],"Nashville, TN",True,187080,0.0559,30,4.0,"[200, 800]","['minimalist', 'ethical', 'streetwear', 'designer', 'lookbook']",7.0,True
creator_0091,Matthew Mcmillan,beauty_wellness,"['skincare', 'supplements', 'nail_salon']",['travel_hospitality'],"['blog_posts', 'reels', 'long_form_video']","Phoenix, AZ",True,327,0.0485,1,4.5,"[1200, 2200]","['skincare', 'luxury', 'natural']",36.4,True
creator_0092,Brian Rodriguez,fashion,['accessories'],[],['reels'],"New York, NY",True,310109,0.0378,30,4.0,"[1200, 1800]","['seasonal', 'streetwear', 'minimalist', 'vintage']",27.5,True
creator_0093,Denise Jacobs,fitness_sports,"['sports_retail', 'personal_training', 'yoga']",['travel_hospitality'],"['photography', 'social_posts', 'long_form_video']","San Diego, CA",True,348,0.0336,5,4.7,"[1200, 1600]","['outdoor', 'pilates', 'cardio', 'yoga', 'nutrition', 'recovery']",30.8,True
creator_0094,Christina Walters,travel_hospitality,['tour_operator'],[],"['long_form_video', 'reels']","Houston, TX",True,1915,0.0265,5,4.2,"[300, 500]","['adventure', 'all_inclusive', 'domestic']",33.4,True
creator_0095,John Whitehead,auto,['service'],[],['long_form_video'],"Nashville, TN",False,8600,0.0418,10,4.5,"[1200, 2200]","['electric_vehicle', 'vintage', 'sedan', 'motorcycle', 'test_drive']",39.7,True
creator_0096,Anna Henderson,auto,"['detailing', 'used', 'luxury']",[],"['podcast', 'long_form_video', 'social_posts']","Phoenix, AZ",True,3050,0.0464,0,,"[1200, 1600]","['luxury', 'motorcycle', 'off_road']",24.7,False
creator_0097,Aaron Wise,home_real_estate,"['garden', 'furniture']",['beauty_wellness'],"['reels', 'live_coverage', 'blog_posts']","New York, NY",True,3416,0.0145,0,,"[100, 1100]","['small_space', 'modern', 'garden', 'diy', 'investment', 'traditional']",9.0,True
creator_0098,Deborah Figueroa,travel_hospitality,"['tour_operator', 'attraction']",[],['podcast'],"Dallas, TX",True,4777,0.0189,2,5.0,"[100, 300]","['budget_travel', 'boutique', 'adventure', 'solo', 'domestic', 'luxury_travel']",34.7,True
creator_0099,Jessica Smith,travel_hospitality,['tour_operator'],[],['live_coverage'],"Brooklyn, NY",True,30240,0.053,0,,"[200, 600]","['adventure', 'couples', 'family', 'solo', 'luxury_travel']",2.1,True
creator_0100,Stephen Mckee,food_beverage,"['catering', 'casual_dining']",['auto'],['live_coverage'],"Philadelphia, PA",True,177497,0.0503,10,4.0,"[300, 700]","['italian', 'mexican', 'casual', 'farm_to_table']",14.8,True
creator_0101,Sandra Aguilar,retail,"['big_box', 'specialty']",[],"['blog_posts', 'live_coverage', 'long_form_video']","Dallas, TX",False,2509,0.0229,50,4.5,"[200, 600]","['deals', 'minimalist', 'outdoor']",7.4,True
creator_0102,Cameron Parker,food_beverage,"['cafes', 'bakeries']",[],"['live_coverage', 'photography']","New York, NY",False,598,0.0607,2,3.5,"[300, 1300]","['farm_to_table', 'vegan', 'fine_dining', 'asian']",9.4,True
creator_0103,Rebecca Valencia,beauty_wellness,"['makeup', 'hair_salon']",[],"['podcast', 'social_posts', 'long_form_video']","Denver, CO",True,4896,0.0268,10,5.0,"[300, 1300]","['wellness', 'skincare', 'drugstore', 'spa_day']",17.6,True
creator_0104,Christine Wright,home_real_estate,"['interior_design', 'real_estate_agency', 'home_improvement']",[],"['long_form_video', 'reels', 'photography']","Miami, FL",True,14452,0.0509,20,4.2,"[200, 600]","['luxury', 'garden', 'modern', 'small_space', 'traditional']",27.6,True
creator_0105,Richard Henson,fitness_sports,"['outdoor', 'personal_training']",['home_real_estate'],"['long_form_video', 'podcast']","Boston, MA",True,295781,0.077,50,3.5,"[100, 300]","['yoga', 'running', 'gear_review', 'cardio', 'recovery', 'outdoor']",40.5,True
creator_0106,Marc Moore,retail,"['home_goods', 'apparel']",['fitness_sports'],['reels'],"San Diego, CA",True,12253,0.0292,5,3.5,"[800, 1800]","['luxury', 'streetwear', 'kids', 'boutique_finds', 'minimalist', 'home_decor']",5.1,True
creator_0107,Sharon Cherry,beauty_wellness,"['nail_salon', 'makeup']",[],"['long_form_video', 'social_posts', 'live_coverage']","Brooklyn, NY",True,2511,0.068,0,,"[1200, 1400]","['luxury', 'skincare', 'natural', 'wellness', 'self_care']",18.4,True
creator_0108,Sierra Johnson,food_beverage,['catering'],[],['live_coverage'],"Nashville, TN",True,37745,0.0497,5,3.5,"[100, 700]","['dessert', 'fine_dining', 'brunch', 'asian', 'italian', 'casual']",2.1,False
creator_0109,Evelyn Galvan,fitness_sports,"['yoga', 'personal_training', 'gym']",['auto'],"['blog_posts', 'social_posts']","New York, NY",True,831,0.0792,0,,"[800, 1400]","['yoga', 'pilates', 'cycling', 'running', 'outdoor']",11.5,True
creator_0110,Sharon Cochran,travel_hospitality,"['boutique_hotel', 'bnb']",[],['social_posts'],"Brooklyn, NY",True,18097,0.0366,5,5.0,"[200, 400]","['domestic', 'family', 'solo', 'couples', 'boutique', 'all_inclusive']",18.5,True
creator_0111,Richard Rodriguez,retail,"['home_goods', 'apparel']",[],"['live_coverage', 'photography']","Los Angeles, CA",True,640,0.0161,20,4.5,"[800, 1800]","['streetwear', 'boutique_finds', 'luxury']",17.3,True
creator_0112,Shannon Walker,fitness_sports,['crossfit'],[],"['blog_posts', 'long_form_video', 'social_posts']","Houston, TX",True,2026,0.0288,1,3.5,"[200, 1200]","['cycling', 'cardio', 'pilates', 'outdoor', 'gear_review', 'recovery']",23.5,True
creator_0113,Julia Torres,fashion,"['accessories', 'sustainable', 'vintage']",[],['blog_posts'],"San Francisco, CA",True,3137,0.0534,10,4.5,"[300, 1300]","['color_palette', 'luxury', 'minimalist', 'designer']",29.2,True
creator_0114,Crystal Johnson,home_real_estate,"['real_estate_agency', 'property_management']",[],"['reels', 'podcast']","Denver, CO",False,1257,0.0798,1,4.8,"[800, 1000]","['minimalist', 'renovation', 'luxury', 'investment', 'diy', 'garden']",10.5,True
creator_0115,Garrett Lin,auto,"['detailing', 'service']",[],['social_posts'],"Nashville, TN",True,5880,0.0364,30,4.7,"[500, 1500]","['vintage', 'off_road', 'test_drive', 'sedan']",44.2,True
creator_0116,Diana May,food_beverage,"['casual_dining', 'fine_dining']",[],"['podcast', 'reels', 'live_coverage']","Los Angeles, CA",True,282373,0.0574,20,5.0,"[300, 1300]","['dessert', 'wine_pairing', 'fine_dining', 'mexican']",12.8,True
creator_0117,William Herrera,beauty_wellness,"['spa', 'supplements']",[],"['blog_posts', 'reels']","Denver, CO",False,705,0.0758,1,4.2,"[300, 900]","['natural', 'clean_beauty', 'drugstore', 'spa_day']",25.3,True
creator_0118,Ashley Waller,auto,"['service', 'used', 'luxury']",[],"['reels', 'social_posts', 'long_form_video']","Miami, FL",True,194880,0.0618,50,4.0,"[800, 1200]","['luxury', 'electric_vehicle', 'test_drive', 'truck', 'performance']",46.0,True
creator_0119,Victor Baker,travel_hospitality,['tour_operator'],[],['social_posts'],"Nashville, TN",True,1394,0.0295,0,,"[800, 1000]","['luxury_travel', 'family', 'domestic', 'couples', 'boutique', 'solo']",16.0,True
creator_0120,Jeffrey Chandler,fashion,"['vintage', 'accessories']",[],"['photography', 'blog_posts']","San Francisco, CA",True,22495,0.067,5,4.7,"[800, 1000]","['designer', 'ootd', 'seasonal', 'ethical', 'streetwear']",11.8,True
creator_0121,Larry Dixon,fitness_sports,"['personal_training', 'outdoor', 'yoga']",[],"['long_form_video', 'blog_posts', 'photography']","Boston, MA",True,833,0.032,30,4.7,"[100, 700]","['cycling', 'yoga', 'nutrition', 'running', 'outdoor', 'cardio']",9.8,True
creator_0122,Kenneth Scott,home_real_estate,"['interior_design', 'property_management']",[],['photography'],"Nashville, TN",True,1494,0.0302,30,4.7,"[1200, 2200]","['diy', 'traditional', 'modern', 'garden', 'investment', 'minimalist']",27.7,True
creator_0123,April Frost,fitness_sports,['outdoor'],[],"['live_coverage', 'reels']","Austin, TX",True,7066,0.0344,0,,"[500, 700]","['recovery', 'pilates', 'cycling', 'strength', 'running', 'cardio']",35.5,True
creator_0124,Michelle Harmon,travel_hospitality,['luxury_resort'],['auto'],"['podcast', 'long_form_video', 'photography']","San Francisco, CA",False,273527,0.0305,5,5.0,"[800, 1000]","['all_inclusive', 'solo', 'couples']",37.8,False
creator_0125,Helen Jones,fashion,['accessories'],[],['live_coverage'],"Portland, OR",True,107316,0.0375,1,4.7,"[1200, 1800]","['vintage', 'minimalist', 'lookbook', 'ootd']",4.1,True
creator_0126,Erin Edwards,auto,"['used', 'detailing', 'motorcycle']",[],"['blog_posts', 'social_posts', 'photography']","Phoenix, AZ",True,112284,0.0657,20,4.0,"[500, 900]","['suv', 'sedan', 'luxury', 'truck', 'motorcycle', 'test_drive']",39.8,True
creator_0127,Michelle Evans,retail,"['home_goods', 'apparel']",[],['live_coverage'],"Dallas, TX",True,941,0.042,20,4.0,"[1200, 1600]","['vintage', 'luxury', 'streetwear']",44.8,True
creator_0128,Jason Powell,fitness_sports,"['outdoor', 'yoga', 'gym']",['retail'],['long_form_video'],"Boston, MA",True,8519,0.0193,2,4.7,"[1200, 2200]","['outdoor', 'pilates', 'cycling', 'running', 'strength', 'nutrition']",16.8,True
creator_0129,Cameron Fisher,travel_hospitality,"['boutique_hotel', 'luxury_resort']",[],['blog_posts'],"Brooklyn, NY",True,66127,0.0627,1,4.8,"[1200, 1600]","['budget_travel', 'all_inclusive', 'boutique', 'adventure', 'international', 'solo']",0.9,True
creator_0130,Megan Orr,home_real_estate,['property_management'],[],['long_form_video'],"San Francisco, CA",True,57192,0.0513,20,4.2,"[500, 1100]","['garden', 'first_time_buyer', 'renovation', 'modern']",31.1,True
creator_0131,Elizabeth Kelley,fashion,"['high_end', 'accessories', 'athleisure']",[],"['photography', 'social_posts']","Austin, TX",True,461,0.0729,2,4.5,"[500, 700]","['seasonal', 'designer', 'vintage', 'lookbook']",28.7,True
creator_0132,Dustin Jordan,food_beverage,"['cafes', 'bakeries']",[],"['reels', 'live_coverage', 'photography']","Portland, OR",True,1403,0.0746,20,4.7,"[300, 1300]","['fine_dining', 'casual', 'mexican', 'magazine_quality', 'asian', 'italian']",4.4,True
creator_0133,Mary Marshall,retail,['big_box'],['beauty_wellness'],"['social_posts', 'live_coverage', 'reels']","Portland, OR",True,2694,0.0406,2,3.5,"[200, 400]","['tech_gadgets', 'kids', 'deals', 'home_decor']",29.6,True
creator_0134,Daniel Kennedy,retail,['boutique'],['travel_hospitality'],"['podcast', 'social_posts', 'photography']","Miami, FL",False,1002,0.0189,5,4.8,"[100, 300]","['tech_gadgets', 'luxury', 'deals']",13.4,True
creator_0135,Rebecca Jackson,auto,"['used', 'luxury', 'service']",[],['podcast'],"Austin, TX",True,33293,0.0181,50,3.5,"[100, 300]","['sedan', 'performance', 'vintage', 'truck']",17.8,False
creator_0136,Jose Schultz,retail,['big_box'],[],"['live_coverage', 'reels']","Philadelphia, PA",False,16391,0.0184,0,,"[200, 600]","['home_decor', 'deals', 'outdoor', 'luxury', 'kids', 'tech_gadgets']",45.8,True
creator_0137,Robert Potter,home_real_estate,"['real_estate_agency', 'furniture']",[],"['podcast', 'long_form_video', 'blog_posts']","San Francisco, CA",True,4025,0.078,2,4.8,"[800, 1200]","['modern', 'luxury', 'renovation', 'diy', 'small_space', 'garden']",20.0,True
creator_0138,Courtney Gonzalez,fitness_sports,"['gym', 'crossfit', 'outdoor']",[],"['reels', 'long_form_video']","Atlanta, GA",True,43147,0.0165,2,5.0,"[800, 1800]","['outdoor', 'cardio', 'pilates', 'gear_review', 'recovery', 'nutrition']",36.0,True
creator_0139,David Alvarez,retail,"['apparel', 'big_box']",[],"['photography', 'live_coverage']","Austin, TX",True,189725,0.0375,10,4.2,"[500, 1100]","['minimalist', 'tech_gadgets', 'home_decor']",10.1,True
creator_0140,Angel Perry,auto,"['service', 'used']",['retail'],"['blog_posts', 'photography']","Chicago, IL",False,114142,0.0163,5,5.0,"[1200, 1400]","['electric_vehicle', 'motorcycle', 'sedan', 'truck', 'test_drive', 'off_road']",16.1,True
creator_0141,Cheyenne Horton,beauty_wellness,"['fragrance', 'hair_salon']",[],"['social_posts', 'podcast', 'long_form_video']","Austin, TX",True,608,0.0171,1,3.5,"[100, 300]","['anti_aging', 'makeup_tutorial', 'clean_beauty', 'wellness', 'luxury']",39.6,True
creator_0142,David Douglas Jr.,auto,"['motorcycle', 'luxury']",[],['reels'],"New York, NY",True,164147,0.0681,10,3.5,"[100, 1100]","['electric_vehicle', 'off_road', 'suv']",27.8,False
creator_0143,Patricia Rodriguez,travel_hospitality,"['tour_operator', 'luxury_resort']",[],['reels'],"New York, NY",True,21994,0.0532,5,4.5,"[500, 1500]","['family', 'adventure', 'couples', 'boutique', 'all_inclusive']",18.7,True
creator_0144,Christopher Rubio,beauty_wellness,"['nail_salon', 'hair_salon', 'spa']",[],"['photography', 'blog_posts', 'live_coverage']","Phoenix, AZ",True,1095,0.0323,2,3.5,"[300, 500]","['drugstore', 'spa_day', 'self_care', 'makeup_tutorial', 'anti_aging']",36.9,False
creator_0145,Amber Wright,retail,['home_goods'],['travel_hospitality'],['long_form_video'],"San Francisco, CA",True,1620,0.0323,10,4.7,"[100, 700]","['home_decor', 'minimalist', 'deals']",9.4,False
creator_0146,Joyce Solis,home_real_estate,['interior_design'],[],"['long_form_video', 'reels', 'podcast']","San Diego, CA",False,8589,0.0332,2,5.0,"[200, 800]","['traditional', 'modern', 'renovation']",40.6,True
creator_0147,Victoria Larson,food_beverage,['casual_dining'],['travel_hospitality'],"['photography', 'long_form_video']","Miami, FL",True,267659,0.0613,20,5.0,"[1200, 2200]","['asian', 'fine_dining', 'natural_lighting', 'wine_pairing', 'dessert']",46.5,True
creator_0148,Stephanie Salazar,fitness_sports,['personal_training'],['fashion'],"['podcast', 'blog_posts', 'live_coverage']","Phoenix, AZ",True,395,0.0522,2,4.8,"[800, 1000]","['outdoor', 'yoga', 'recovery', 'running', 'strength']",35.9,True
creator_0149,Kathy Rivas,fitness_sports,"['outdoor', 'crossfit', 'personal_training']",['food_beverage'],"['reels', 'photography', 'social_posts']","Portland, OR",False,72620,0.0604,0,,"[500, 1500]","['outdoor', 'pilates', 'recovery']",42.5,True
creator_0150,Stephanie Manning,travel_hospitality,"['boutique_hotel', 'tour_operator']",[],['photography'],"San Diego, CA",False,363,0.0283,0,,"[100, 700]","['adventure', 'domestic', 'budget_travel', 'international']",8.1,True
creator_0151,David Wright,auto,"['service', 'detailing', 'luxury']",[],['long_form_video'],"Dallas, TX",True,5343,0.0488,50,4.2,"[1200, 1800]","['performance', 'truck', 'test_drive', 'luxury', 'motorcycle', 'suv']",2.9,True
creator_0152,Pamela Boyd,home_real_estate,['interior_design'],['retail'],['reels'],"Dallas, TX",False,1320,0.0547,0,,"[500, 700]","['small_space', 'first_time_buyer', 'renovation']",22.9,False
creator_0153,Denise Jones,fashion,"['streetwear', 'athleisure']",['fitness_sports'],"['photography', 'long_form_video']","Brooklyn, NY",True,102621,0.0495,1,5.0,"[1200, 1400]","['lookbook', 'minimalist', 'color_palette', 'streetwear', 'seasonal', 'vintage']",38.9,True
creator_0154,Devon Flores,beauty_wellness,"['nail_salon', 'fragrance']",[],"['live_coverage', 'social_posts']","Los Angeles, CA",False,401,0.05,50,5.0,"[800, 1200]","['spa_day', 'drugstore', 'wellness', 'self_care', 'makeup_tutorial', 'clean_beauty']",21.8,False
creator_0155,Brenda Hall,retail,['electronics'],[],['live_coverage'],"Brooklyn, NY",True,24081,0.0684,5,4.2,"[1200, 1400]","['minimalist', 'vintage', 'outdoor']",19.4,True
creator_0156,Michelle Brown,fashion,['footwear'],[],"['live_coverage', 'reels', 'social_posts']","Portland, OR",True,15418,0.0171,5,5.0,"[800, 1400]","['luxury', 'ootd', 'minimalist', 'designer', 'ethical', 'lookbook']",31.6,True
creator_0157,Joshua Perry,home_real_estate,"['home_improvement', 'garden']",['retail'],"['blog_posts', 'photography', 'social_posts']","Los Angeles, CA",False,363,0.0672,5,4.2,"[300, 1300]","['modern', 'garden', 'luxury', 'first_time_buyer', 'traditional', 'minimalist']",11.3,True
creator_0158,Jason Stein,home_real_estate,"['real_estate_agency', 'interior_design']",[],"['social_posts', 'blog_posts']","Brooklyn, NY",True,60045,0.0707,0,,"[800, 1200]","['renovation', 'first_time_buyer', 'minimalist']",24.6,True
creator_0159,Melissa Gates,food_beverage,['fine_dining'],['home_real_estate'],"['long_form_video', 'photography', 'social_posts']","Austin, TX",True,93436,0.0454,0,,"[1200, 1400]","['italian', 'magazine_quality', 'wine_pairing', 'fine_dining']",28.7,True
creator_0160,Jamie Smith,home_real_estate,"['real_estate_agency', 'home_improvement']",[],['live_coverage'],"Houston, TX",True,16473,0.0775,2,4.8,"[200, 600]","['traditional', 'small_space', 'modern', 'renovation', 'first_time_buyer']",24.9,False
creator_0161,Paul Castaneda,food_beverage,['cafes'],[],"['social_posts', 'live_coverage']","Houston, TX",True,26805,0.0397,20,5.0,"[300, 1300]","['vegan', 'farm_to_table', 'brunch']",14.9,True
creator_0162,Jennifer Adkins,travel_hospitality,['attraction'],[],"['reels', 'photography']","Chicago, IL",True,291798,0.0548,5,4.2,"[1200, 1800]","['boutique', 'couples', 'all_inclusive', 'solo', 'luxury_travel']",36.9,False
creator_0163,Lindsey Walker,travel_hospitality,"['luxury_resort', 'boutique_hotel', 'bnb']",[],"['social_posts', 'podcast', 'long_form_video']","Philadelphia, PA",True,3384,0.0599,50,4.8,"[500, 1100]","['couples', 'all_inclusive', 'international', 'family', 'domestic', 'luxury_travel']",8.6,True
creator_0164,Jeffrey Johnson,retail,['boutique'],['fashion'],['photography'],"Houston, TX",True,1479,0.071,20,5.0,"[300, 900]","['kids', 'tech_gadgets', 'deals', 'luxury', 'streetwear']",22.5,True
creator_0165,Michael Powell,food_beverage,"['casual_dining', 'bakeries', 'catering']",[],"['blog_posts', 'reels']","San Francisco, CA",True,129582,0.0206,2,4.2,"[500, 1500]","['dessert', 'natural_lighting', 'casual']",34.5,True
creator_0166,John Anderson,home_real_estate,['real_estate_agency'],[],['live_coverage'],"Portland, OR",True,66164,0.0503,1,4.5,"[100, 500]","['modern', 'first_time_buyer', 'small_space']",19.7,False
creator_0167,Alyssa Long,travel_hospitality,['bnb'],['fashion'],['social_posts'],"San Francisco, CA",True,325,0.0614,2,4.8,"[300, 900]","['solo', 'boutique', 'family']",24.4,True
creator_0168,Alyssa Day,auto,"['used', 'service']",[],['long_form_video'],"San Francisco, CA",True,220929,0.0743,20,3.5,"[200, 600]","['truck', 'performance', 'sedan', 'off_road', 'motorcycle']",1.5,True
creator_0169,Joel Williams,auto,"['motorcycle', 'luxury', 'service']",[],"['live_coverage', 'reels', 'social_posts']","Phoenix, AZ",True,37089,0.0392,20,3.5,"[800, 1400]","['motorcycle', 'luxury', 'test_drive', 'sedan', 'suv']",10.3,True
creator_0170,Daniel Murphy,food_beverage,"['casual_dining', 'food_trucks', 'bars']",[],"['social_posts', 'podcast', 'reels']","Houston, TX",False,2229,0.0649,30,4.0,"[800, 1200]","['brunch', 'wine_pairing', 'mexican', 'natural_lighting', 'asian']",46.7,True
creator_0171,Jamie Walton,travel_hospitality,"['tour_operator', 'luxury_resort', 'bnb']",['food_beverage'],['live_coverage'],"Los Angeles, CA",False,16690,0.0446,0,,"[800, 1000]","['solo', 'family', 'luxury_travel', 'domestic', 'all_inclusive', 'international']",31.1,True
creator_0172,Darlene Miller,fashion,['footwear'],['food_beverage'],"['photography', 'blog_posts', 'reels']","San Diego, CA",True,609,0.0631,0,,"[100, 500]","['streetwear', 'ethical', 'lookbook', 'ootd']",43.0,False
creator_0173,Joshua Cooke,fashion,['athleisure'],[],"['live_coverage', 'blog_posts']","San Francisco, CA",True,37128,0.0435,20,4.8,"[200, 400]","['minimalist', 'luxury', 'ootd', 'vintage', 'color_palette']",3.3,False
creator_0174,Matthew Harrington,retail,"['big_box', 'specialty']",['fitness_sports'],['live_coverage'],"Portland, OR",True,35759,0.0687,1,4.5,"[500, 700]","['outdoor', 'minimalist', 'deals', 'boutique_finds']",3.5,True
creator_0175,Nicole Herring,food_beverage,"['bakeries', 'food_trucks', 'cafes']",[],"['photography', 'social_posts']","San Diego, CA",True,33797,0.0369,50,4.7,"[100, 300]","['natural_lighting', 'dessert', 'vegan']",22.8,True
creator_0176,Alex Hernandez,retail,"['electronics', 'home_goods']",['fashion'],"['blog_posts', 'long_form_video']","Miami, FL",True,545,0.0411,30,3.5,"[500, 1500]","['streetwear', 'kids', 'home_decor', 'boutique_finds', 'deals']",24.1,True
creator_0177,Michael Elliott,auto,['parts'],[],"['social_posts', 'blog_posts', 'photography']","Nashville, TN",False,3890,0.0138,2,5.0,"[500, 1100]","['electric_vehicle', 'vintage', 'off_road']",29.0,True
creator_0178,Michael Wang,fitness_sports,['gym'],[],"['live_coverage', 'photography', 'podcast']","San Francisco, CA",False,11640,0.0591,0,,"[200, 1200]","['strength', 'running', 'recovery', 'cycling']",35.8,True
creator_0179,Lawrence Adkins,fashion,['high_end'],[],"['reels', 'social_posts']","Phoenix, AZ",True,102896,0.0512,30,4.5,"[1200, 1600]","['vintage', 'color_palette', 'designer', 'lookbook', 'minimalist', 'streetwear']",35.5,True
creator_0180,Robert Oconnell,travel_hospitality,"['attraction', 'luxury_resort']",[],"['podcast', 'photography', 'live_coverage']","Dallas, TX",True,139370,0.0393,2,4.2,"[500, 1100]","['adventure', 'budget_travel', 'international', 'solo']",6.8,True
creator_0181,Alexander Collins,fashion,"['footwear', 'athleisure', 'vintage']",[],"['social_posts', 'long_form_video']","Los Angeles, CA",False,277975,0.0555,1,4.7,"[800, 1400]","['vintage', 'designer', 'ethical', 'lookbook']",27.2,True
creator_0182,Tina Sanders,travel_hospitality,"['bnb', 'tour_operator', 'boutique_hotel']",[],['social_posts'],"San Francisco, CA",False,467,0.0287,1,4.2,"[1200, 1800]","['luxury_travel', 'international', 'adventure']",33.3,True
creator_0183,Angela Vaughn,food_beverage,"['casual_dining', 'bars']",[],['podcast'],"Seattle, WA",True,71272,0.0659,5,4.8,"[1200, 1400]","['wine_pairing', 'dessert', 'casual', 'natural_lighting']",45.9,False
creator_0184,Ashley Barton,fitness_sports,['gym'],[],"['social_posts', 'photography', 'podcast']","Brooklyn, NY",True,13798,0.0522,2,4.2,"[500, 900]","['pilates', 'nutrition', 'gear_review', 'running', 'cycling']",8.8,True
creator_0185,Lindsay Martinez,travel_hospitality,"['bnb', 'luxury_resort', 'boutique_hotel']",['retail'],['long_form_video'],"Brooklyn, NY",False,193145,0.0518,5,4.5,"[800, 1400]","['luxury_travel', 'solo', 'domestic', 'boutique', 'budget_travel']",15.6,True
creator_0186,Dr. Hannah Patterson,retail,"['electronics', 'specialty', 'big_box']",[],"['photography', 'live_coverage', 'social_posts']","Los Angeles, CA",True,2402,0.0765,50,4.5,"[800, 1000]","['deals', 'home_decor', 'kids']",21.7,False
creator_0187,Jonathan Peterson,beauty_wellness,"['makeup', 'spa', 'hair_salon']",[],"['live_coverage', 'podcast', 'blog_posts']","Los Angeles, CA",True,9128,0.0308,2,4.2,"[800, 1000]","['anti_aging', 'spa_day', 'self_care', 'clean_beauty', 'drugstore', 'makeup_tutorial']",45.9,True
creator_0188,Samantha Garcia,food_beverage,['bakeries'],[],"['long_form_video', 'reels', 'blog_posts']","Houston, TX",True,44730,0.0127,0,,"[100, 500]","['asian', 'vegan', 'casual', 'natural_lighting', 'wine_pairing', 'fine_dining']",27.8,True
creator_0189,Madison Poole,fashion,"['accessories', 'sustainable']",[],['social_posts'],"Atlanta, GA",False,45799,0.0144,0,,"[1200, 1400]","['lookbook', 'streetwear', 'ootd', 'designer', 'seasonal', 'ethical']",5.5,True
creator_0190,Jessica Gross,fashion,"['footwear', 'sustainable']",[],['social_posts'],"Dallas, TX",True,4709,0.0658,50,4.2,"[1200, 1600]","['ootd', 'streetwear', 'color_palette', 'luxury', 'ethical', 'designer']",43.9,True
creator_0191,Debra Morton,fitness_sports,['sports_retail'],[],"['blog_posts', 'podcast', 'social_posts']","San Diego, CA",True,219249,0.0313,10,4.0,"[500, 900]","['cardio', 'strength', 'recovery', 'outdoor']",29.8,True
creator_0192,Karen Graham,auto,"['motorcycle', 'luxury', 'parts']",['home_real_estate'],['long_form_video'],"Los Angeles, CA",True,47508,0.0441,10,4.2,"[200, 600]","['motorcycle', 'electric_vehicle', 'vintage', 'sedan', 'luxury', 'performance']",3.8,True
creator_0193,Debra Christian,home_real_estate,"['property_management', 'real_estate_agency', 'home_improvement']",[],['live_coverage'],"Miami, FL",False,1460,0.0618,20,4.2,"[300, 700]","['luxury', 'garden', 'diy', 'modern', 'first_time_buyer']",22.5,True
creator_0194,Angelica Keith,fashion,['streetwear'],[],"['social_posts', 'live_coverage']","Seattle, WA",False,536,0.0153,0,,"[800, 1000]","['ethical', 'minimalist', 'vintage']",10.6,True
creator_0195,John Bishop,fashion,"['sustainable', 'accessories', 'streetwear']",[],"['podcast', 'reels', 'blog_posts']","Philadelphia, PA",True,3904,0.0107,2,5.0,"[800, 1200]","['ootd', 'vintage', 'ethical', 'luxury', 'seasonal']",8.1,True
creator_0196,Allen Rosales,retail,"['home_goods', 'apparel']",[],"['long_form_video', 'reels']","New York, NY",True,32044,0.0463,10,4.5,"[500, 1500]","['luxury', 'home_decor', 'vintage', 'tech_gadgets']",31.3,True
creator_0197,Daniel Salinas,fashion,"['vintage', 'footwear']",[],"['live_coverage', 'reels', 'podcast']","Atlanta, GA",True,1797,0.0781,2,4.7,"[500, 1100]","['ootd', 'designer', 'lookbook', 'ethical']",23.4,True
creator_0198,Spencer Haynes,retail,['apparel'],[],"['social_posts', 'reels', 'long_form_video']","Phoenix, AZ",True,5544,0.0331,0,,"[500, 1500]","['home_decor', 'tech_gadgets', 'kids', 'vintage', 'luxury']",8.2,False
creator_0199,Adam Vaughan,food_beverage,"['cafes', 'casual_dining', 'food_trucks']",['retail'],['photography'],"Dallas, TX",False,185071,0.0462,20,4.7,"[800, 1000]","['brunch', 'mexican', 'italian']",10.8,True
creator_0200,Nathan Freeman,home_real_estate,['home_improvement'],[],"['long_form_video', 'social_posts']","Seattle, WA",True,36039,0.0746,0,,"[200, 1200]","['minimalist', 'diy', 'investment', 'small_space', 'luxury', 'garden']",1.3,True
creator_0201,Melissa Brewer,travel_hospitality,"['boutique_hotel', 'luxury_resort', 'tour_operator']",[],['blog_posts'],"Philadelphia, PA",True,30073,0.0731,50,5.0,"[100, 1100]","['boutique', 'all_inclusive', 'budget_travel']",42.1,True
creator_0202,Ricky Davis II,travel_hospitality,"['tour_operator', 'bnb']",['home_real_estate'],"['live_coverage', 'long_form_video']","Boston, MA",True,169924,0.0159,50,4.5,"[300, 700]","['international', 'adventure', 'couples']",38.0,True
creator_0203,Elizabeth Perkins,auto,"['detailing', 'ev']",[],"['podcast', 'photography', 'social_posts']","Chicago, IL",True,116126,0.0396,10,4.7,"[300, 1300]","['truck', 'sedan', 'electric_vehicle', 'suv', 'off_road']",37.7,True
creator_0204,Joseph Coleman,fitness_sports,"['crossfit', 'outdoor']",[],"['live_coverage', 'social_posts']","San Diego, CA",True,222707,0.017,50,4.5,"[300, 500]","['cycling', 'yoga', 'cardio', 'running', 'nutrition']",30.7,False
creator_0205,Erin Warner,retail,"['specialty', 'apparel', 'big_box']",[],"['blog_posts', 'live_coverage', 'podcast']","Denver, CO",True,29412,0.0301,0,,"[200, 1200]","['home_decor', 'deals', 'vintage', 'boutique_finds', 'streetwear']",40.9,False
creator_0206,David Martinez,fashion,"['vintage', 'footwear', 'streetwear']",['home_real_estate'],['long_form_video'],"Seattle, WA",True,576,0.0293,20,4.2,"[1200, 2200]","['streetwear', 'lookbook', 'vintage', 'seasonal']",25.1,True
creator_0207,Bryan Herrera,auto,"['used', 'detailing', 'parts']",[],"['blog_posts', 'podcast']","Philadelphia, PA",True,326,0.0223,50,3.5,"[800, 1000]","['sedan', 'vintage', 'off_road', 'motorcycle', 'electric_vehicle']",45.5,False
creator_0208,Cathy Robinson,fashion,"['athleisure', 'accessories', 'sustainable']",[],"['blog_posts', 'podcast', 'reels']","Miami, FL",True,8828,0.028,20,4.8,"[200, 600]","['designer', 'color_palette', 'vintage', 'ootd', 'minimalist', 'seasonal']",17.3,True
creator_0209,Dr. William Warren,fashion,"['accessories', 'footwear']",['food_beverage'],"['long_form_video', 'podcast']","Austin, TX",True,2028,0.0763,2,4.5,"[1200, 1600]","['luxury', 'seasonal', 'minimalist', 'vintage', 'color_palette']",42.0,True
creator_0210,Brian Lee,beauty_wellness,"['makeup', 'skincare', 'hair_salon']",[],"['reels', 'blog_posts', 'photography']","Seattle, WA",True,23014,0.0445,5,4.5,"[200, 800]","['skincare', 'drugstore', 'clean_beauty']",27.9,True
creator_0211,Christopher Smith,travel_hospitality,"['boutique_hotel', 'bnb', 'luxury_resort']",[],"['reels', 'live_coverage', 'long_form_video']","Nashville, TN",True,4347,0.0171,10,4.7,"[300, 700]","['domestic', 'budget_travel', 'all_inclusive', 'adventure']",13.3,False
creator_0212,Denise Mccann,fitness_sports,"['personal_training', 'yoga']",[],"['long_form_video', 'podcast', 'live_coverage']","Chicago, IL",True,87613,0.0605,2,4.7,"[500, 1500]","['running', 'gear_review', 'cycling', 'yoga', 'pilates', 'cardio']",46.1,True
creator_0213,Melissa Martinez,food_beverage,['food_trucks'],['fashion'],"['long_form_video', 'reels', 'live_coverage']","Houston, TX",True,87388,0.0434,0,,"[500, 1100]","['farm_to_table', 'wine_pairing', 'casual', 'italian', 'natural_lighting', 'brunch']",27.1,False
creator_0214,Katherine Salas,fashion,"['high_end', 'athleisure']",[],"['photography', 'live_coverage']","Denver, CO",True,33080,0.0441,30,3.5,"[500, 1100]","['designer', 'seasonal', 'minimalist', 'ootd']",7.4,True
creator_0215,Julie Alexander,fitness_sports,"['sports_retail', 'personal_training', 'gym']",[],"['photography', 'social_posts']","Philadelphia, PA",False,2366,0.0287,20,4.2,"[500, 1100]","['yoga', 'running', 'pilates']",20.2,True
creator_0216,Anthony Everett,food_beverage,"['bars', 'food_trucks', 'specialty_foods']",['retail'],['reels'],"Philadelphia, PA",False,491,0.0715,50,3.5,"[100, 1100]","['vegan', 'mexican', 'natural_lighting']",4.5,True
creator_0217,Rodney Morales,retail,"['electronics', 'boutique']",['fashion'],['reels'],"Nashville, TN",False,30949,0.0702,10,5.0,"[500, 1500]","['luxury', 'tech_gadgets', 'kids', 'boutique_finds', 'vintage']",26.6,True
creator_0218,Mark Brown,retail,"['boutique', 'big_box']",[],['live_coverage'],"Boston, MA",True,587,0.0316,20,4.2,"[200, 800]","['kids', 'outdoor', 'boutique_finds', 'tech_gadgets', 'home_decor', 'luxury']",39.2,False
creator_0219,Justin Torres,fitness_sports,['outdoor'],['fashion'],"['long_form_video', 'reels', 'podcast']","San Diego, CA",True,4177,0.0388,50,4.5,"[500, 900]","['nutrition', 'outdoor', 'strength', 'cycling', 'pilates', 'yoga']",31.2,False
creator_0220,Bailey Duran DDS,beauty_wellness,"['skincare', 'fragrance', 'supplements']",['fashion'],['long_form_video'],"Phoenix, AZ",True,812,0.0177,30,4.7,"[500, 1100]","['anti_aging', 'spa_day', 'self_care', 'wellness', 'skincare']",1.4,True
creator_0221,Courtney Mills,food_beverage,"['bars', 'casual_dining']",['auto'],"['long_form_video', 'photography']","Miami, FL",True,5764,0.065,30,4.2,"[500, 700]","['wine_pairing', 'italian', 'vegan', 'asian', 'mexican', 'dessert']",36.2,True
creator_0222,Jeremy Dalton,fashion,['vintage'],[],['live_coverage'],"Chicago, IL",True,44060,0.0369,30,4.0,"[1200, 1400]","['minimalist', 'vintage', 'ethical', 'ootd', 'seasonal', 'streetwear']",37.1,True
creator_0223,Elizabeth Oliver DDS,beauty_wellness,"['makeup', 'nail_salon', 'skincare']",[],"['blog_posts', 'social_posts']","Los Angeles, CA",True,2491,0.0352,0,,"[1200, 1600]","['spa_day', 'self_care', 'skincare']",21.1,True
creator_0224,Theresa Clark,fashion,"['footwear', 'streetwear']",[],"['live_coverage', 'reels']","New York, NY",True,1762,0.045,10,5.0,"[1200, 1400]","['streetwear', 'color_palette', 'minimalist']",7.8,True
creator_0225,Matthew Moore,auto,"['parts', 'detailing']",['retail'],"['social_posts', 'long_form_video']","Chicago, IL",True,1786,0.0128,30,4.7,"[300, 1300]","['suv', 'off_road', 'luxury', 'sedan', 'motorcycle']",26.3,True
creator_0226,Benjamin Smith,home_real_estate,"['garden', 'home_improvement', 'furniture']",['travel_hospitality'],"['blog_posts', 'reels']","Austin, TX",True,67259,0.0454,1,3.5,"[800, 1400]","['first_time_buyer', 'small_space', 'investment', 'minimalist']",3.5,False
creator_0227,Kirk Carter,travel_hospitality,"['attraction', 'luxury_resort']",['fitness_sports'],"['social_posts', 'reels', 'live_coverage']","Phoenix, AZ",True,101293,0.0191,0,,"[200, 400]","['solo', 'international', 'all_inclusive', 'luxury_travel', 'boutique']",2.0,True
creator_0228,Michael Warner,travel_hospitality,"['attraction', 'bnb', 'boutique_hotel']",[],"['live_coverage', 'reels']","Atlanta, GA",False,8020,0.0547,10,4.7,"[1200, 2200]","['family', 'budget_travel', 'luxury_travel', 'boutique', 'solo']",3.3,True
creator_0229,Michael Bradshaw,food_beverage,"['casual_dining', 'catering']",[],"['long_form_video', 'live_coverage']","Los Angeles, CA",False,11983,0.0274,1,4.7,"[1200, 2200]","['asian', 'vegan', 'casual']",27.9,True
creator_0230,Lori Guerrero,travel_hospitality,['luxury_resort'],[],"['photography', 'podcast']","Miami, FL",True,298118,0.0327,10,4.5,"[1200, 2200]","['boutique', 'solo', 'adventure', 'couples', 'international', 'family']",27.2,True
creator_0231,Jessica Stephens,fashion,"['sustainable', 'footwear']",[],"['long_form_video', 'photography', 'reels']","Nashville, TN",True,2517,0.0255,10,3.5,"[1200, 1800]","['streetwear', 'ethical', 'designer']",27.6,True
creator_0232,Susan Serrano,auto,['ev'],['beauty_wellness'],['podcast'],"Phoenix, AZ",True,5004,0.0743,0,,"[1200, 1800]","['sedan', 'off_road', 'motorcycle', 'performance', 'truck']",39.7,True
creator_0233,Christopher Parker,auto,"['luxury', 'detailing']",[],['live_coverage'],"New York, NY",True,64739,0.0623,0,,"[1200, 2200]","['electric_vehicle', 'luxury', 'sedan', 'performance', 'off_road', 'suv']",2.5,True
creator_0234,Laura Roberts,retail,"['electronics', 'boutique', 'apparel']",[],"['long_form_video', 'live_coverage']","Houston, TX",True,3224,0.0433,0,,"[800, 1800]","['luxury', 'kids', 'vintage', 'outdoor', 'home_decor', 'tech_gadgets']",24.3,True
creator_0235,Michael Lyons,retail,"['big_box', 'electronics']",[],"['photography', 'social_posts']","Chicago, IL",True,187246,0.0163,20,4.5,"[300, 900]","['minimalist', 'home_decor', 'kids', 'vintage', 'streetwear', 'tech_gadgets']",28.7,True
creator_0236,Kathryn Snyder,fashion,"['footwear', 'sustainable', 'vintage']",['retail'],"['photography', 'long_form_video', 'reels']","Miami, FL",True,687,0.0138,1,5.0,"[300, 500]","['color_palette', 'streetwear', 'vintage', 'luxury']",5.8,True
creator_0237,Andrew Reynolds,food_beverage,"['bakeries', 'casual_dining', 'bars']",[],"['podcast', 'social_posts']","Houston, TX",True,12033,0.0279,0,,"[300, 700]","['casual', 'magazine_quality', 'brunch', 'mexican', 'italian']",31.6,True
creator_0238,David Davis,travel_hospitality,"['bnb', 'boutique_hotel', 'tour_operator']",[],['photography'],"Philadelphia, PA",False,8994,0.0518,0,,"[200, 600]","['international', 'family', 'all_inclusive', 'couples', 'solo']",27.1,True
creator_0239,Sara Johnston,food_beverage,"['food_trucks', 'bakeries']",['fitness_sports'],"['photography', 'long_form_video', 'podcast']","Austin, TX",True,2126,0.0143,5,4.5,"[100, 700]","['wine_pairing', 'mexican', 'italian', 'fine_dining', 'casual', 'dessert']",43.1,True
creator_0240,Yvonne Chambers,auto,"['detailing', 'parts', 'ev']",[],"['podcast', 'long_form_video']","Dallas, TX",True,1319,0.0197,50,4.8,"[200, 600]","['off_road', 'performance', 'truck', 'motorcycle', 'vintage', 'suv']",43.2,False
creator_0241,Andrew Avila,travel_hospitality,['attraction'],[],"['live_coverage', 'long_form_video']","Houston, TX",True,47999,0.0636,20,4.5,"[300, 1300]","['solo', 'budget_travel', 'boutique', 'domestic']",9.4,True
creator_0242,Matthew Moon,food_beverage,"['bars', 'catering', 'specialty_foods']",[],"['reels', 'social_posts']","San Diego, CA",False,69100,0.0194,30,4.8,"[1200, 1800]","['brunch', 'vegan', 'dessert', 'italian']",23.8,True
creator_0243,Kevin Walters,beauty_wellness,['makeup'],['fashion'],"['blog_posts', 'social_posts', 'photography']","Miami, FL",True,125986,0.0721,20,4.5,"[100, 1100]","['wellness', 'self_care', 'spa_day', 'clean_beauty', 'skincare', 'drugstore']",45.1,True
creator_0244,Brandon Bailey MD,food_beverage,"['catering', 'specialty_foods']",[],"['social_posts', 'reels']","Denver, CO",True,14897,0.0461,0,,"[200, 800]","['vegan', 'casual', 'dessert']",15.0,False
creator_0245,Shannon Rivera,home_real_estate,"['furniture', 'garden', 'home_improvement']",['retail'],['blog_posts'],"Denver, CO",True,5503,0.0416,1,4.5,"[800, 1200]","['first_time_buyer', 'traditional', 'investment', 'minimalist', 'small_space', 'luxury']",15.9,True
creator_0246,Donna Landry,retail,['apparel'],[],"['social_posts', 'blog_posts', 'podcast']","Miami, FL",True,21687,0.0212,50,4.5,"[100, 500]","['luxury', 'deals', 'vintage']",31.8,True
creator_0247,Krista Gibson,retail,['specialty'],['travel_hospitality'],['long_form_video'],"Phoenix, AZ",True,240603,0.0102,5,3.5,"[500, 1500]","['boutique_finds', 'luxury', 'outdoor', 'deals', 'vintage']",0.8,False
creator_0248,Frank Cordova,beauty_wellness,"['spa', 'nail_salon']",['travel_hospitality'],"['podcast', 'long_form_video', 'reels']","Dallas, TX",True,1133,0.0139,10,3.5,"[200, 400]","['skincare', 'clean_beauty', 'wellness', 'anti_aging', 'makeup_tutorial', 'luxury']",4.7,True
creator_0249,Jose Travis,retail,"['boutique', 'big_box', 'electronics']",['beauty_wellness'],"['blog_posts', 'reels']","San Francisco, CA",True,59610,0.069,0,,"[300, 1300]","['outdoor', 'deals', 'streetwear', 'luxury', 'tech_gadgets', 'kids']",41.3,True
creator_0250,Kimberly Gutierrez,travel_hospitality,"['luxury_resort', 'boutique_hotel', 'tour_operator']",[],"['live_coverage', 'photography', 'social_posts']","Philadelphia, PA",True,11917,0.0797,10,4.0,"[800, 1800]","['domestic', 'couples', 'international']",24.1,False
creator_0251,Isaiah Avila,beauty_wellness,['hair_salon'],[],"['live_coverage', 'long_form_video', 'podcast']","Boston, MA",True,314022,0.039,10,4.2,"[800, 1200]","['clean_beauty', 'drugstore', 'skincare']",33.3,True
creator_0252,Olivia Harris,auto,"['parts', 'used', 'luxury']",[],"['podcast', 'live_coverage', 'reels']","New York, NY",True,99112,0.0236,10,4.8,"[500, 1500]","['sedan', 'test_drive', 'truck']",23.4,True
creator_0253,Tanya Kim,fitness_sports,"['outdoor', 'gym']",[],"['photography', 'live_coverage', 'reels']","Nashville, TN",False,256353,0.0296,0,,"[300, 1300]","['gear_review', 'running', 'strength', 'cardio', 'outdoor']",27.6,True
creator_0254,Barbara Dudley,auto,"['detailing', 'used']",[],"['long_form_video', 'photography']","Los Angeles, CA",True,7173,0.0766,2,4.7,"[300, 700]","['vintage', 'truck', 'electric_vehicle']",2.3,True
creator_0255,Cynthia Moore,auto,['motorcycle'],[],"['live_coverage', 'photography']","New York, NY",True,850,0.071,50,4.8,"[200, 600]","['motorcycle', 'performance', 'off_road', 'test_drive', 'suv', 'vintage']",34.4,True
creator_0256,Kristen Davis,food_beverage,['casual_dining'],[],['podcast'],"Dallas, TX",True,59632,0.0547,2,4.2,"[200, 600]","['magazine_quality', 'italian', 'asian', 'casual', 'farm_to_table']",15.7,True
creator_0257,Susan Murray MD,auto,"['luxury', 'motorcycle']",['retail'],"['photography', 'live_coverage', 'long_form_video']","Miami, FL",True,213714,0.0663,2,4.0,"[100, 700]","['off_road', 'motorcycle', 'sedan']",2.9,True
creator_0258,Kathleen Moran,food_beverage,['specialty_foods'],['auto'],"['live_coverage', 'long_form_video']","Brooklyn, NY",False,43520,0.057,50,3.5,"[500, 900]","['mexican', 'brunch', 'dessert', 'magazine_quality', 'fine_dining', 'wine_pairing']",44.2,True
creator_0259,Denise Davenport,home_real_estate,"['property_management', 'interior_design', 'garden']",[],"['long_form_video', 'social_posts']","Brooklyn, NY",True,178563,0.0331,10,4.5,"[500, 700]","['renovation', 'diy', 'small_space', 'investment']",17.2,True
creator_0260,Mrs. Kristen Reyes,retail,"['big_box', 'electronics', 'apparel']",['beauty_wellness'],"['blog_posts', 'podcast']","Brooklyn, NY",True,5499,0.0535,50,4.0,"[500, 1500]","['vintage', 'deals', 'outdoor', 'minimalist', 'tech_gadgets', 'boutique_finds']",39.2,True
creator_0261,Katie Suarez,travel_hospitality,"['attraction', 'luxury_resort']",[],"['blog_posts', 'photography', 'podcast']","Seattle, WA",True,620,0.0412,5,4.5,"[100, 300]","['budget_travel', 'domestic', 'all_inclusive', 'couples']",31.1,True
creator_0262,Desiree Tyler,beauty_wellness,"['nail_salon', 'supplements', 'hair_salon']",[],"['podcast', 'blog_posts', 'long_form_video']","Portland, OR",True,1309,0.0714,5,4.7,"[1200, 1800]","['makeup_tutorial', 'drugstore', 'anti_aging', 'wellness']",44.0,False
creator_0263,Timothy Romero,food_beverage,"['specialty_foods', 'catering', 'casual_dining']",[],"['podcast', 'photography', 'reels']","Miami, FL",True,121267,0.0706,2,4.5,"[1200, 2200]","['italian', 'fine_dining', 'casual', 'wine_pairing', 'brunch']",19.8,True
creator_0264,Diane Evans,beauty_wellness,"['skincare', 'nail_salon']",[],['reels'],"Brooklyn, NY",True,519,0.0111,30,4.8,"[500, 900]","['natural', 'luxury', 'makeup_tutorial', 'drugstore', 'self_care', 'skincare']",38.8,False
creator_0265,Yvonne Burns,travel_hospitality,"['attraction', 'tour_operator']",[],['podcast'],"New York, NY",False,9873,0.0612,50,4.2,"[500, 1100]","['international', 'solo', 'family', 'budget_travel', 'domestic', 'couples']",27.5,True
creator_0266,Joshua Reed,auto,"['luxury', 'ev', 'parts']",[],['long_form_video'],"New York, NY",False,8267,0.0619,0,,"[1200, 1800]","['suv', 'motorcycle', 'electric_vehicle', 'vintage', 'truck']",25.9,True
creator_0267,Kimberly Gibson,home_real_estate,"['garden', 'real_estate_agency']",[],"['photography', 'social_posts', 'podcast']","Boston, MA",True,1911,0.0541,1,4.7,"[100, 700]","['luxury', 'small_space', 'investment', 'traditional', 'modern', 'first_time_buyer']",4.4,True
creator_0268,Colin Terry,fashion,"['athleisure', 'footwear']",['fitness_sports'],"['blog_posts', 'photography', 'long_form_video']","Miami, FL",False,1922,0.0591,30,4.0,"[800, 1000]","['luxury', 'minimalist', 'seasonal']",46.4,True
creator_0269,Cynthia Rowe,retail,"['specialty', 'electronics']",[],['reels'],"Seattle, WA",True,1006,0.0379,5,4.5,"[1200, 1600]","['tech_gadgets', 'home_decor', 'deals', 'streetwear', 'luxury', 'outdoor']",19.0,True
creator_0270,Patrick Thornton,travel_hospitality,"['tour_operator', 'bnb']",['home_real_estate'],"['podcast', 'social_posts']","Seattle, WA",True,118868,0.0334,5,5.0,"[100, 700]","['budget_travel', 'boutique', 'solo']",32.6,True
creator_0271,Jasmin Alvarado,beauty_wellness,"['supplements', 'skincare', 'makeup']",[],"['reels', 'podcast']","Chicago, IL",True,648,0.0412,2,4.8,"[300, 900]","['clean_beauty', 'skincare', 'self_care']",29.9,True
creator_0272,Veronica Simpson,beauty_wellness,"['hair_salon', 'supplements', 'nail_salon']",[],"['live_coverage', 'social_posts', 'podcast']","Houston, TX",True,81208,0.0229,0,,"[1200, 1600]","['self_care', 'makeup_tutorial', 'luxury']",31.9,True
creator_0273,Jonathan Lawrence,home_real_estate,"['interior_design', 'real_estate_agency']",[],"['blog_posts', 'photography']","Phoenix, AZ",False,307521,0.0281,5,4.0,"[500, 700]","['diy', 'traditional', 'small_space', 'garden', 'modern']",10.0,True
creator_0274,Shelly Alexander,home_real_estate,"['home_improvement', 'garden']",['fashion'],['reels'],"Boston, MA",False,514,0.0609,30,3.5,"[500, 900]","['first_time_buyer', 'small_space', 'traditional']",32.1,True
creator_0275,Joyce Bowen,fitness_sports,"['gym', 'sports_retail', 'personal_training']",[],"['social_posts', 'blog_posts']","Seattle, WA",True,730,0.0475,10,4.2,"[1200, 1800]","['cycling', 'gear_review', 'cardio', 'outdoor', 'nutrition', 'strength']",47.9,True
creator_0276,Matthew Moore,fitness_sports,"['gym', 'personal_training']",[],['photography'],"Chicago, IL",True,38694,0.0728,10,4.5,"[100, 1100]","['pilates', 'yoga', 'strength', 'gear_review', 'running']",9.7,True
creator_0277,Wayne Morgan,beauty_wellness,['nail_salon'],[],"['reels', 'photography']","Nashville, TN",True,73002,0.013,0,,"[200, 1200]","['drugstore', 'spa_day', 'self_care', 'clean_beauty', 'luxury']",28.0,False
creator_0278,Marie Christian,food_beverage,"['fine_dining', 'bakeries']",[],['long_form_video'],"Brooklyn, NY",False,25002,0.0733,0,,"[500, 900]","['vegan', 'dessert', 'mexican']",5.6,True
creator_0279,Shannon James,beauty_wellness,"['makeup', 'supplements']",['auto'],"['long_form_video', 'photography', 'reels']","Nashville, TN",True,728,0.0199,20,4.0,"[1200, 1800]","['natural', 'skincare', 'makeup_tutorial', 'drugstore', 'spa_day', 'clean_beauty']",12.1,True
creator_0280,Nathan Malone,retail,"['big_box', 'specialty', 'electronics']",['home_real_estate'],['long_form_video'],"San Francisco, CA",True,189850,0.0595,5,4.5,"[1200, 2200]","['luxury', 'vintage', 'streetwear']",30.9,True
creator_0281,Amanda Jones,travel_hospitality,"['boutique_hotel', 'luxury_resort', 'bnb']",['auto'],"['long_form_video', 'live_coverage', 'reels']","Denver, CO",False,288277,0.0784,10,5.0,"[800, 1200]","['all_inclusive', 'budget_travel', 'couples', 'adventure', 'family', 'luxury_travel']",31.8,True
creator_0282,Tammie Bright,beauty_wellness,"['nail_salon', 'spa', 'supplements']",['auto'],"['photography', 'long_form_video']","Nashville, TN",True,6368,0.0334,30,3.5,"[100, 300]","['makeup_tutorial', 'clean_beauty', 'spa_day', 'natural']",37.8,True
creator_0283,Jessica Garcia,auto,"['service', 'parts', 'detailing']",['retail'],"['long_form_video', 'reels']","Phoenix, AZ",True,1626,0.0389,2,4.5,"[200, 400]","['truck', 'off_road', 'sedan', 'electric_vehicle', 'luxury']",3.1,True
creator_0284,Shelia Wallace,beauty_wellness,"['skincare', 'spa']",[],"['long_form_video', 'photography']","Los Angeles, CA",False,761,0.0585,0,,"[300, 700]","['makeup_tutorial', 'drugstore', 'wellness', 'natural', 'self_care']",22.3,True
creator_0285,Stephanie Williams,fitness_sports,"['yoga', 'sports_retail', 'outdoor']",['retail'],['podcast'],"Austin, TX",True,8326,0.0424,0,,"[1200, 2200]","['cardio', 'cycling', 'nutrition', 'recovery']",21.1,True
creator_0286,Elaine Brooks,retail,['specialty'],[],"['podcast', 'blog_posts']","Austin, TX",True,8665,0.0659,0,,"[500, 1500]","['streetwear', 'luxury', 'outdoor']",36.3,True
creator_0287,Joseph Knight,travel_hospitality,['bnb'],[],"['long_form_video', 'social_posts']","San Francisco, CA",False,7548,0.0499,0,,"[500, 1500]","['family', 'budget_travel', 'luxury_travel', 'all_inclusive', 'solo']",19.8,True
creator_0288,Carolyn Miller,fitness_sports,"['outdoor', 'gym', 'sports_retail']",[],"['podcast', 'live_coverage', 'social_posts']","New York, NY",True,76460,0.0651,0,,"[800, 1400]","['running', 'recovery', 'strength', 'yoga', 'pilates', 'cycling']",43.7,True
creator_0289,Lisa Allen,food_beverage,"['fine_dining', 'cafes']",['beauty_wellness'],['photography'],"Austin, TX",True,1643,0.0179,30,4.8,"[800, 1200]","['mexican', 'dessert', 'casual', 'asian', 'vegan']",43.2,True
creator_0290,Briana Murray,travel_hospitality,"['bnb', 'tour_operator']",['food_beverage'],"['live_coverage', 'podcast', 'photography']","Brooklyn, NY",True,7176,0.0358,0,,"[200, 1200]","['boutique', 'all_inclusive', 'budget_travel', 'family', 'solo', 'couples']",43.2,True
creator_0291,David Smith,auto,['detailing'],['beauty_wellness'],"['reels', 'photography', 'blog_posts']","Denver, CO",True,256285,0.0479,1,4.5,"[300, 1300]","['suv', 'performance', 'off_road', 'vintage']",1.5,True
creator_0292,Stephanie Byrd,food_beverage,['food_trucks'],[],"['podcast', 'long_form_video']","Dallas, TX",False,156619,0.0315,5,4.0,"[500, 1100]","['brunch', 'fine_dining', 'dessert', 'magazine_quality', 'casual', 'vegan']",2.7,True
creator_0293,Jeremy Reed,home_real_estate,"['home_improvement', 'garden', 'real_estate_agency']",[],['reels'],"Chicago, IL",True,302913,0.0502,30,4.2,"[300, 700]","['diy', 'minimalist', 'investment', 'traditional']",2.1,True
creator_0294,Margaret Coleman,fitness_sports,"['yoga', 'sports_retail', 'crossfit']",['beauty_wellness'],['blog_posts'],"Phoenix, AZ",False,192058,0.0209,50,4.7,"[300, 900]","['strength', 'cycling', 'nutrition']",46.6,True
creator_0295,Ryan Gonzalez,retail,"['specialty', 'home_goods', 'apparel']",[],"['live_coverage', 'long_form_video', 'blog_posts']","Houston, TX",True,3734,0.0328,2,4.7,"[800, 1200]","['streetwear', 'tech_gadgets', 'vintage', 'kids', 'outdoor', 'home_decor']",4.5,False
creator_0296,John Young,auto,"['ev', 'service']",[],"['long_form_video', 'social_posts']","Atlanta, GA",True,115189,0.0359,10,3.5,"[300, 900]","['test_drive', 'motorcycle', 'luxury', 'sedan', 'performance']",21.7,True
creator_0297,Laura Haney,beauty_wellness,"['supplements', 'spa']",[],"['podcast', 'reels', 'long_form_video']","Brooklyn, NY",True,1328,0.0432,50,4.2,"[100, 1100]","['anti_aging', 'makeup_tutorial', 'luxury', 'natural', 'wellness', 'skincare']",30.8,True
creator_0298,William Barrett,retail,"['big_box', 'electronics', 'boutique']",[],"['live_coverage', 'podcast']","San Francisco, CA",True,2580,0.0491,30,4.0,"[100, 300]","['minimalist', 'boutique_finds', 'luxury', 'streetwear']",45.9,False
creator_0299,Keith Jennings,home_real_estate,"['interior_design', 'home_improvement']",['fitness_sports'],['podcast'],"Los Angeles, CA",True,54537,0.0507,20,5.0,"[300, 1300]","['renovation', 'modern', 'traditional', 'garden', 'diy', 'minimalist']",35.3,True
creator_0300,Amber Obrien,fashion,['athleisure'],['food_beverage'],"['social_posts', 'photography']","San Diego, CA",False,442,0.0304,0,,"[800, 1200]","['minimalist', 'lookbook', 'designer', 'streetwear', 'color_palette', 'seasonal']",28.9,True
creator_0301,Tanner Mitchell DDS,fitness_sports,"['crossfit', 'outdoor', 'sports_retail']",[],['long_form_video'],"Los Angeles, CA",True,11337,0.0361,30,4.5,"[300, 700]","['recovery', 'running', 'yoga']",24.4,False
creator_0302,Heather Fields,auto,['luxury'],[],"['photography', 'long_form_video', 'blog_posts']","Boston, MA",True,147631,0.0518,10,4.0,"[1200, 1800]","['luxury', 'suv', 'sedan', 'performance']",6.1,True
creator_0303,Megan Le,retail,"['electronics', 'boutique']",[],['live_coverage'],"Phoenix, AZ",True,8969,0.0402,2,3.5,"[100, 300]","['vintage', 'minimalist', 'outdoor', 'streetwear']",12.5,True
creator_0304,Sara Fuller,food_beverage,['bakeries'],[],['long_form_video'],"Philadelphia, PA",True,109039,0.0759,10,4.2,"[200, 600]","['mexican', 'dessert', 'fine_dining', 'italian']",5.2,True
creator_0305,Maria Parker,food_beverage,"['bakeries', 'cafes', 'casual_dining']",[],"['live_coverage', 'social_posts', 'blog_posts']","Atlanta, GA",False,3975,0.0513,30,4.8,"[100, 500]","['wine_pairing', 'asian', 'vegan']",20.6,True
creator_0306,Kevin Oconnor,travel_hospitality,['tour_operator'],['retail'],"['social_posts', 'photography']","Dallas, TX",True,14838,0.0128,10,4.5,"[100, 1100]","['boutique', 'adventure', 'domestic']",35.5,True
creator_0307,Edward Burgess,home_real_estate,"['interior_design', 'home_improvement']",['beauty_wellness'],['social_posts'],"Los Angeles, CA",True,9439,0.0174,30,4.7,"[1200, 1400]","['first_time_buyer', 'luxury', 'diy']",19.5,True
creator_0308,Carlos Ryan,auto,['luxury'],[],['long_form_video'],"Seattle, WA",True,103354,0.0608,5,5.0,"[1200, 1800]","['off_road', 'sedan', 'test_drive', 'vintage', 'suv']",32.2,False
creator_0309,Kiara Mcintyre,home_real_estate,['interior_design'],[],"['long_form_video', 'social_posts']","Boston, MA",False,212426,0.0121,0,,"[100, 1100]","['traditional', 'small_space', 'first_time_buyer']",18.7,True
creator_0310,Dawn Summers,retail,"['apparel', 'boutique', 'specialty']",[],"['photography', 'podcast', 'social_posts']","Miami, FL",False,357,0.0635,20,3.5,"[500, 1500]","['home_decor', 'boutique_finds', 'luxury', 'outdoor', 'kids', 'tech_gadgets']",21.5,True
creator_0311,Dr. Paul Morgan,retail,"['boutique', 'electronics']",[],['podcast'],"Nashville, TN",False,33502,0.0562,50,4.7,"[500, 1500]","['minimalist', 'tech_gadgets', 'boutique_finds', 'deals', 'home_decor', 'outdoor']",24.6,True
creator_0312,Victor Taylor,home_real_estate,"['garden', 'real_estate_agency']",[],['live_coverage'],"Seattle, WA",True,3974,0.0667,0,,"[1200, 1800]","['luxury', 'modern', 'investment', 'small_space', 'first_time_buyer']",16.9,True
creator_0313,Shannon Ramsey,fitness_sports,['yoga'],['auto'],['photography'],"Philadelphia, PA",False,1021,0.0477,0,,"[500, 1500]","['gear_review', 'cardio', 'recovery', 'cycling', 'yoga']",13.2,True
creator_0314,Tracy Ballard,food_beverage,"['specialty_foods', 'cafes']",[],"['blog_posts', 'podcast']","Portland, OR",True,85974,0.0567,1,4.7,"[300, 900]","['magazine_quality', 'asian', 'vegan']",30.7,False
creator_0315,Richard Smith,auto,"['ev', 'used', 'detailing']",[],"['social_posts', 'reels', 'podcast']","Portland, OR",True,608,0.0336,0,,"[800, 1800]","['vintage', 'truck', 'off_road']",38.3,True
creator_0316,Jordan Chambers,fashion,"['sustainable', 'accessories']",[],"['blog_posts', 'social_posts', 'podcast']","Chicago, IL",True,1101,0.0113,50,5.0,"[200, 1200]","['vintage', 'ootd', 'seasonal', 'minimalist', 'ethical']",39.6,False
creator_0317,Lauren Carson,fashion,"['footwear', 'vintage', 'sustainable']",[],"['long_form_video', 'live_coverage']","Miami, FL",False,894,0.058,5,5.0,"[500, 1500]","['seasonal', 'vintage', 'lookbook']",43.8,True
creator_0318,Ashley Hall,travel_hospitality,"['luxury_resort', 'bnb', 'tour_operator']",['retail'],['reels'],"Portland, OR",True,1724,0.0679,30,4.5,"[800, 1800]","['international', 'family', 'budget_travel', 'domestic']",2.3,True
creator_0319,Stephen Hoffman,retail,"['boutique', 'big_box']",['home_real_estate'],['photography'],"Seattle, WA",False,20174,0.0707,20,4.2,"[1200, 1400]","['streetwear', 'luxury', 'outdoor', 'kids']",34.9,True
creator_0320,Connie Brown,auto,"['luxury', 'parts', 'detailing']",[],"['photography', 'podcast']","Los Angeles, CA",True,51488,0.0664,2,4.5,"[200, 600]","['suv', 'electric_vehicle', 'off_road', 'vintage', 'luxury']",46.6,True
creator_0321,Susan Turner,fashion,['sustainable'],[],['photography'],"Dallas, TX",True,137499,0.0756,10,4.5,"[1200, 1800]","['luxury', 'lookbook', 'ootd', 'vintage', 'seasonal']",46.4,True
creator_0322,Charles Shah,food_beverage,"['bakeries', 'cafes', 'bars']",[],"['blog_posts', 'reels']","Dallas, TX",True,169577,0.0375,5,4.2,"[100, 500]","['farm_to_table', 'dessert', 'fine_dining', 'asian', 'vegan', 'natural_lighting']",42.8,False
creator_0323,Johnathan Davis,fitness_sports,"['personal_training', 'gym', 'crossfit']",[],"['social_posts', 'blog_posts']","Atlanta, GA",True,134984,0.0674,1,4.8,"[300, 500]","['nutrition', 'gear_review', 'cycling']",35.1,True
creator_0324,Brandy Chavez,fitness_sports,['gym'],[],['social_posts'],"Philadelphia, PA",True,2610,0.0503,0,,"[200, 600]","['nutrition', 'yoga', 'strength', 'pilates']",37.0,True
creator_0325,Natalie Bautista,retail,"['specialty', 'home_goods', 'boutique']",[],"['long_form_video', 'reels']","Boston, MA",False,5539,0.0227,20,5.0,"[800, 1200]","['tech_gadgets', 'boutique_finds', 'outdoor', 'deals', 'kids', 'luxury']",44.3,True
creator_0326,Patrick Moore,beauty_wellness,"['skincare', 'makeup']",[],"['long_form_video', 'reels']","Denver, CO",False,236645,0.0219,0,,"[100, 1100]","['clean_beauty', 'luxury', 'spa_day', 'anti_aging']",24.0,True
creator_0327,Brett Burns,beauty_wellness,"['makeup', 'supplements']",['home_real_estate'],['live_coverage'],"Boston, MA",True,2233,0.0574,20,4.0,"[500, 900]","['luxury', 'makeup_tutorial', 'self_care', 'drugstore', 'skincare', 'anti_aging']",12.9,True
creator_0328,Trevor Johnson,beauty_wellness,"['supplements', 'spa', 'hair_salon']",[],"['blog_posts', 'social_posts', 'long_form_video']","New York, NY",True,43652,0.0596,5,3.5,"[100, 300]","['drugstore', 'makeup_tutorial', 'natural']",11.7,False
creator_0329,Jeremy Sampson,food_beverage,"['specialty_foods', 'cafes', 'bakeries']",['fitness_sports'],['podcast'],"Philadelphia, PA",True,9517,0.0337,30,4.0,"[100, 700]","['mexican', 'casual', 'italian', 'wine_pairing', 'farm_to_table']",12.9,True
creator_0330,Ariana Jennings,retail,"['boutique', 'home_goods']",[],['photography'],"New York, NY",True,51357,0.0444,1,4.7,"[1200, 2200]","['boutique_finds', 'outdoor', 'kids', 'luxury', 'tech_gadgets', 'home_decor']",3.1,True
creator_0331,Vanessa Howard,home_real_estate,"['interior_design', 'furniture']",['fitness_sports'],"['blog_posts', 'reels']","Chicago, IL",False,109022,0.0707,0,,"[300, 500]","['modern', 'first_time_buyer', 'luxury', 'investment', 'small_space', 'renovation']",9.1,True
creator_0332,Colton Martinez,fashion,"['vintage', 'streetwear', 'footwear']",[],['long_form_video'],"Seattle, WA",True,63791,0.0574,10,3.5,"[300, 500]","['seasonal', 'minimalist', 'ootd']",44.6,True
creator_0333,Jordan Bates,fitness_sports,"['outdoor', 'personal_training']",['food_beverage'],"['photography', 'social_posts']","Miami, FL",False,315837,0.0735,1,4.0,"[100, 700]","['outdoor', 'strength', 'running', 'recovery', 'nutrition', 'gear_review']",35.8,True
creator_0334,Linda Smith,travel_hospitality,['luxury_resort'],['retail'],"['social_posts', 'live_coverage']","Atlanta, GA",True,917,0.0309,20,4.8,"[300, 700]","['budget_travel', 'luxury_travel', 'family', 'all_inclusive', 'domestic', 'solo']",40.0,True
creator_0335,Dana Martinez,home_real_estate,"['interior_design', 'real_estate_agency']",[],"['blog_posts', 'reels', 'social_posts']","Phoenix, AZ",True,10965,0.0781,2,4.8,"[1200, 1600]","['traditional', 'garden', 'luxury', 'small_space', 'minimalist', 'renovation']",31.2,True
creator_0336,Andrea Hubbard,home_real_estate,"['real_estate_agency', 'home_improvement']",[],"['reels', 'podcast', 'live_coverage']","Denver, CO",True,178610,0.0459,50,4.5,"[500, 700]","['small_space', 'renovation', 'garden', 'diy']",27.5,True
creator_0337,Daniel Kane,fashion,"['high_end', 'footwear', 'sustainable']",[],"['social_posts', 'photography']","San Diego, CA",True,2765,0.0607,30,4.7,"[300, 900]","['minimalist', 'ootd', 'streetwear', 'color_palette']",4.2,False
creator_0338,Charles Lester,fashion,['sustainable'],[],['long_form_video'],"Dallas, TX",True,29336,0.0422,20,5.0,"[1200, 2200]","['streetwear', 'ootd', 'luxury']",46.8,True
creator_0339,Scott Thomas,travel_hospitality,['luxury_resort'],[],['social_posts'],"Austin, TX",True,257965,0.0701,2,4.5,"[1200, 1600]","['luxury_travel', 'family', 'budget_travel', 'international']",30.2,True
creator_0340,David Thompson,beauty_wellness,"['skincare', 'spa']",['home_real_estate'],"['blog_posts', 'reels']","New York, NY",True,120057,0.051,2,4.2,"[800, 1800]","['clean_beauty', 'skincare', 'makeup_tutorial', 'spa_day', 'natural', 'wellness']",5.4,False
creator_0341,Allison Smith,travel_hospitality,"['attraction', 'bnb']",[],"['podcast', 'social_posts', 'live_coverage']","Philadelphia, PA",True,202228,0.0734,30,4.0,"[1200, 1400]","['domestic', 'international', 'all_inclusive']",27.9,True
creator_0342,Cynthia Morris,fashion,"['sustainable', 'high_end']",[],['photography'],"Miami, FL",False,47711,0.0428,30,4.0,"[800, 1200]","['designer', 'lookbook', 'color_palette', 'seasonal', 'vintage', 'streetwear']",41.0,True
creator_0343,Anthony Harmon,home_real_estate,"['property_management', 'interior_design', 'garden']",['retail'],"['reels', 'social_posts', 'blog_posts']","Dallas, TX",True,771,0.024,30,3.5,"[500, 1500]","['first_time_buyer', 'diy', 'renovation', 'investment', 'luxury']",26.9,False
creator_0344,Nichole Alvarez,fitness_sports,"['outdoor', 'yoga']",[],"['reels', 'podcast']","New York, NY",False,1513,0.0493,30,4.2,"[300, 900]","['recovery', 'strength', 'cardio', 'yoga']",27.0,False
creator_0345,Kayla Rodriguez,auto,"['motorcycle', 'service']",[],"['reels', 'long_form_video', 'live_coverage']","Philadelphia, PA",True,129601,0.0738,1,4.8,"[300, 1300]","['electric_vehicle', 'test_drive', 'luxury']",41.8,True
creator_0346,Theresa Williams,fitness_sports,['gym'],[],"['photography', 'live_coverage']","Austin, TX",True,10353,0.016,10,4.8,"[500, 1100]","['nutrition', 'cycling', 'strength', 'cardio']",36.3,True
creator_0347,Sharon Boyd,beauty_wellness,"['spa', 'nail_salon']",['fashion'],"['live_coverage', 'podcast', 'reels']","New York, NY",True,567,0.032,1,4.5,"[100, 1100]","['clean_beauty', 'drugstore', 'makeup_tutorial', 'luxury', 'self_care']",31.0,False
creator_0348,Victor Brown,food_beverage,"['bars', 'bakeries', 'specialty_foods']",[],"['podcast', 'long_form_video', 'blog_posts']","Atlanta, GA",False,6895,0.0244,50,4.7,"[800, 1800]","['wine_pairing', 'fine_dining', 'dessert', 'italian', 'farm_to_table']",37.6,True
creator_0349,James Parks,beauty_wellness,['hair_salon'],[],"['podcast', 'photography', 'live_coverage']","Austin, TX",False,3327,0.0545,0,,"[100, 700]","['luxury', 'makeup_tutorial', 'anti_aging', 'skincare', 'clean_beauty']",14.9,True
creator_0350,Theodore Jones Jr.,auto,"['used', 'detailing']",[],"['social_posts', 'reels', 'blog_posts']","Atlanta, GA",True,3288,0.0265,50,5.0,"[800, 1200]","['electric_vehicle', 'luxury', 'test_drive', 'off_road', 'performance']",32.2,False
creator_0351,Ana Hill,retail,"['boutique', 'electronics', 'apparel']",[],['social_posts'],"San Francisco, CA",True,5985,0.0388,0,,"[100, 1100]","['kids', 'home_decor', 'deals', 'outdoor', 'streetwear']",21.7,True
creator_0352,Kimberly Nguyen,travel_hospitality,"['tour_operator', 'bnb', 'attraction']",[],['podcast'],"Chicago, IL",True,760,0.0598,1,4.8,"[800, 1000]","['international', 'domestic', 'boutique', 'solo', 'family', 'budget_travel']",2.0,True
creator_0353,Kerry Chavez DDS,fitness_sports,['sports_retail'],[],"['long_form_video', 'reels', 'photography']","San Francisco, CA",False,2598,0.0362,5,4.5,"[100, 500]","['cardio', 'gear_review', 'running', 'outdoor', 'yoga', 'strength']",20.5,False
creator_0354,Michael Farrell,fashion,['streetwear'],[],"['podcast', 'photography']","San Francisco, CA",True,15750,0.073,20,4.5,"[1200, 1600]","['streetwear', 'luxury', 'lookbook', 'designer', 'ootd', 'vintage']",22.4,True
creator_0355,Patricia Le,home_real_estate,"['furniture', 'garden']",['fitness_sports'],"['blog_posts', 'social_posts', 'photography']","Nashville, TN",True,27399,0.0706,0,,"[800, 1400]","['garden', 'renovation', 'minimalist', 'diy', 'small_space', 'modern']",31.1,True
creator_0356,Jesse Perez,food_beverage,"['bakeries', 'specialty_foods', 'catering']",[],['reels'],"Seattle, WA",True,2112,0.0244,30,3.5,"[800, 1400]","['asian', 'dessert', 'casual']",23.8,False
creator_0357,Jesse Perry,fitness_sports,"['gym', 'sports_retail']",[],"['long_form_video', 'photography', 'live_coverage']","New York, NY",True,1116,0.0638,1,4.2,"[500, 900]","['cycling', 'outdoor', 'cardio', 'strength', 'gear_review']",16.0,True
creator_0358,Jeffery Ortega,food_beverage,"['cafes', 'bakeries']",['auto'],['live_coverage'],"Los Angeles, CA",True,19544,0.0266,50,5.0,"[800, 1800]","['farm_to_table', 'natural_lighting', 'asian', 'italian', 'vegan']",15.6,True
creator_0359,Christian Leblanc,auto,"['detailing', 'ev']",[],['live_coverage'],"Brooklyn, NY",False,14592,0.065,5,4.7,"[500, 1500]","['vintage', 'motorcycle', 'electric_vehicle']",24.3,True
creator_0360,Ronald Davis,retail,['electronics'],[],"['social_posts', 'long_form_video']","Seattle, WA",False,317,0.0753,30,4.2,"[800, 1400]","['kids', 'luxury', 'streetwear', 'outdoor', 'home_decor', 'boutique_finds']",40.5,True
creator_0361,Parker Cain,fashion,"['vintage', 'high_end', 'athleisure']",['travel_hospitality'],"['podcast', 'photography', 'blog_posts']","Denver, CO",True,1356,0.0453,10,4.8,"[300, 900]","['ootd', 'luxury', 'minimalist']",32.0,True
creator_0362,Laurie Hoffman,beauty_wellness,"['makeup', 'hair_salon', 'skincare']",[],['social_posts'],"Brooklyn, NY",True,1048,0.0489,30,5.0,"[500, 700]","['self_care', 'drugstore', 'clean_beauty']",42.9,False
creator_0363,Bryan Gomez,home_real_estate,"['interior_design', 'garden']",[],"['long_form_video', 'blog_posts']","Chicago, IL",True,337,0.062,5,4.8,"[1200, 1800]","['garden', 'diy', 'modern', 'first_time_buyer', 'renovation']",29.6,True
creator_0364,Nicole Parrish,beauty_wellness,"['hair_salon', 'makeup']",['fashion'],['live_coverage'],"Brooklyn, NY",True,2148,0.045,1,4.7,"[200, 600]","['self_care', 'wellness', 'clean_beauty', 'skincare', 'natural', 'spa_day']",35.9,True
creator_0365,Tracy Burke,beauty_wellness,"['nail_salon', 'makeup', 'skincare']",[],['blog_posts'],"Portland, OR",True,26478,0.076,0,,"[300, 1300]","['spa_day', 'anti_aging', 'drugstore']",32.8,True
creator_0366,Kenneth Lewis,fitness_sports,['outdoor'],[],"['photography', 'reels']","Portland, OR",False,4737,0.0334,0,,"[1200, 1600]","['strength', 'outdoor', 'cycling', 'recovery']",44.1,True
creator_0367,Courtney Rodriguez,fitness_sports,"['outdoor', 'gym', 'sports_retail']",[],['blog_posts'],"Brooklyn, NY",False,1640,0.0339,0,,"[300, 700]","['cycling', 'strength', 'running', 'gear_review', 'yoga', 'cardio']",29.9,True
creator_0368,Holly Farmer,home_real_estate,['furniture'],[],['reels'],"Brooklyn, NY",True,180862,0.0409,5,4.7,"[1200, 2200]","['garden', 'luxury', 'traditional']",3.2,True
creator_0369,Renee Bruce,travel_hospitality,"['tour_operator', 'luxury_resort', 'bnb']",[],"['podcast', 'live_coverage']","Chicago, IL",True,636,0.0556,0,,"[500, 1100]","['domestic', 'international', 'all_inclusive']",1.1,True
creator_0370,Sabrina Austin,beauty_wellness,['supplements'],[],"['long_form_video', 'live_coverage']","Philadelphia, PA",False,818,0.0131,1,4.2,"[800, 1800]","['natural', 'luxury', 'drugstore', 'self_care', 'anti_aging']",36.3,True
creator_0371,Allison Hickman,retail,"['home_goods', 'boutique', 'big_box']",['beauty_wellness'],['podcast'],"Chicago, IL",False,90688,0.0492,0,,"[500, 1100]","['kids', 'tech_gadgets', 'streetwear']",30.9,True
creator_0372,Debra White,auto,"['service', 'detailing', 'motorcycle']",[],['reels'],"Boston, MA",True,7293,0.0652,0,,"[500, 900]","['test_drive', 'sedan', 'vintage', 'off_road', 'performance']",33.4,True
creator_0373,Ellen Morgan,beauty_wellness,"['nail_salon', 'supplements']",['travel_hospitality'],['reels'],"Atlanta, GA",True,3746,0.0488,1,4.2,"[500, 900]","['wellness', 'luxury', 'makeup_tutorial', 'spa_day', 'clean_beauty', 'drugstore']",1.9,True
creator_0374,Sergio Knight,retail,"['electronics', 'home_goods', 'boutique']",['beauty_wellness'],"['reels', 'live_coverage']","Dallas, TX",True,98704,0.0196,0,,"[300, 700]","['home_decor', 'streetwear', 'tech_gadgets', 'minimalist']",18.1,True
creator_0375,Charles Schultz,retail,"['specialty', 'apparel', 'big_box']",[],"['social_posts', 'photography']","Nashville, TN",True,2843,0.0401,2,3.5,"[800, 1200]","['tech_gadgets', 'home_decor', 'kids', 'boutique_finds']",7.6,True
creator_0376,Paul Lewis,fashion,"['vintage', 'sustainable', 'streetwear']",[],"['blog_posts', 'social_posts', 'podcast']","Philadelphia, PA",True,4195,0.0463,1,4.2,"[1200, 1800]","['color_palette', 'luxury', 'minimalist']",34.5,True
creator_0377,Glen Wood,fashion,"['footwear', 'vintage', 'high_end']",[],['blog_posts'],"Houston, TX",True,1431,0.0398,20,4.7,"[200, 800]","['vintage', 'designer', 'color_palette', 'ootd']",6.9,True
creator_0378,Paula Bradley,home_real_estate,['garden'],[],"['blog_posts', 'live_coverage']","Boston, MA",True,6273,0.0357,30,4.2,"[300, 1300]","['first_time_buyer', 'investment', 'luxury']",11.6,True
creator_0379,Anthony Moore,fitness_sports,"['sports_retail', 'outdoor']",[],['reels'],"Houston, TX",True,3808,0.0482,10,4.0,"[1200, 1800]","['outdoor', 'pilates', 'cardio']",39.2,True
creator_0380,Megan Nelson,fashion,['footwear'],['fitness_sports'],"['blog_posts', 'podcast']","Austin, TX",True,59349,0.0108,50,5.0,"[200, 1200]","['streetwear', 'ethical', 'seasonal', 'ootd', 'minimalist']",36.1,True
creator_0381,Karla Ramos,home_real_estate,"['real_estate_agency', 'furniture']",[],"['live_coverage', 'podcast']","Phoenix, AZ",False,389,0.0197,1,4.2,"[1200, 1400]","['renovation', 'garden', 'investment', 'traditional', 'minimalist']",40.1,True
creator_0382,Paul Wilson,travel_hospitality,"['attraction', 'bnb']",[],"['podcast', 'social_posts']","Brooklyn, NY",True,78965,0.074,20,4.5,"[200, 1200]","['all_inclusive', 'luxury_travel', 'boutique', 'budget_travel', 'international']",9.4,True
creator_0383,Douglas Gregory,home_real_estate,"['furniture', 'home_improvement']",[],"['podcast', 'blog_posts', 'reels']","Dallas, TX",True,1148,0.0149,20,4.2,"[200, 600]","['investment', 'diy', 'modern']",3.8,True
creator_0384,Mr. Andrew Foster,food_beverage,"['specialty_foods', 'casual_dining']",['home_real_estate'],"['social_posts', 'reels']","Portland, OR",False,4644,0.0733,2,4.0,"[200, 800]","['mexican', 'casual', 'natural_lighting']",32.1,True
creator_0385,Aimee Turner,fashion,"['accessories', 'footwear', 'sustainable']",[],"['podcast', 'long_form_video']","Brooklyn, NY",True,11955,0.0737,30,4.5,"[500, 700]","['vintage', 'streetwear', 'minimalist', 'designer', 'seasonal']",42.3,True
creator_0386,Chad Scott,fashion,['sustainable'],[],"['long_form_video', 'social_posts', 'podcast']","Houston, TX",False,611,0.0589,0,,"[200, 600]","['minimalist', 'ootd', 'color_palette', 'vintage']",26.0,True
creator_0387,Adam Burgess,auto,"['ev', 'service', 'detailing']",[],"['live_coverage', 'photography', 'blog_posts']","Brooklyn, NY",True,7125,0.0277,50,3.5,"[500, 700]","['sedan', 'electric_vehicle', 'motorcycle']",32.6,True
creator_0388,James Padilla,fitness_sports,['personal_training'],[],"['long_form_video', 'photography', 'blog_posts']","San Francisco, CA",True,9000,0.0148,50,4.8,"[200, 1200]","['strength', 'outdoor', 'cardio']",13.8,True
creator_0389,Sandra Drake,food_beverage,['bars'],[],['social_posts'],"Chicago, IL",True,61768,0.0574,1,4.5,"[300, 700]","['casual', 'natural_lighting', 'mexican']",42.9,True
creator_0390,Scott Williams,home_real_estate,"['garden', 'furniture', 'interior_design']",[],['long_form_video'],"Boston, MA",False,4206,0.0267,0,,"[100, 1100]","['first_time_buyer', 'modern', 'investment', 'minimalist', 'renovation']",16.5,True
creator_0391,Thomas Atkins,auto,"['ev', 'detailing', 'motorcycle']",['food_beverage'],"['photography', 'podcast']","Austin, TX",True,24008,0.0537,50,4.5,"[500, 700]","['truck', 'motorcycle', 'electric_vehicle']",17.4,True
creator_0392,Laura Mckinney,travel_hospitality,['tour_operator'],[],"['social_posts', 'podcast']","Los Angeles, CA",True,4045,0.0147,2,4.5,"[300, 1300]","['domestic', 'family', 'budget_travel', 'solo']",38.1,False
creator_0393,Brian Smith,retail,"['home_goods', 'specialty', 'electronics']",['food_beverage'],['podcast'],"Philadelphia, PA",True,172309,0.0414,50,4.8,"[1200, 1600]","['tech_gadgets', 'deals', 'luxury', 'streetwear', 'outdoor']",47.4,True
creator_0394,Robert Montgomery,auto,"['service', 'ev', 'parts']",[],"['photography', 'long_form_video']","Miami, FL",True,901,0.0243,0,,"[200, 1200]","['luxury', 'performance', 'sedan']",15.6,True
creator_0395,Tamara Davis,food_beverage,"['bars', 'specialty_foods']",[],['long_form_video'],"Seattle, WA",True,13120,0.0735,2,5.0,"[1200, 1600]","['vegan', 'fine_dining', 'dessert']",9.2,True
creator_0396,Dana Chapman,auto,['ev'],[],['long_form_video'],"Portland, OR",True,18962,0.0682,2,4.0,"[800, 1000]","['performance', 'off_road', 'test_drive']",15.3,True
creator_0397,Jennifer Collins,beauty_wellness,"['skincare', 'makeup', 'supplements']",[],"['long_form_video', 'blog_posts']","Boston, MA",False,6670,0.0454,20,5.0,"[200, 1200]","['wellness', 'anti_aging', 'drugstore', 'clean_beauty', 'makeup_tutorial', 'self_care']",20.8,True
creator_0398,Gary Jackson,fashion,['vintage'],[],"['photography', 'blog_posts']","Chicago, IL",True,15361,0.0437,10,4.0,"[1200, 2200]","['ethical', 'ootd', 'color_palette', 'minimalist']",9.5,True
creator_0399,Ashley Hicks,fitness_sports,"['personal_training', 'crossfit']",[],"['podcast', 'long_form_video']","Philadelphia, PA",True,1209,0.0405,5,5.0,"[1200, 1800]","['nutrition', 'outdoor', 'cardio', 'pilates', 'strength', 'running']",30.7,True
creator_0400,Hannah Luna,food_beverage,"['bakeries', 'casual_dining']",[],"['social_posts', 'long_form_video']","Seattle, WA",True,1831,0.0522,1,3.5,"[100, 300]","['italian', 'fine_dining', 'wine_pairing', 'mexican', 'farm_to_table', 'magazine_quality']",28.3,False
