id,creator_id,business_id,introduced_at,outcome,outcome_reason,creator_rating,business_rating,gig_count,total_paid,synthetic_quality_score
match_0001,creator_0256,biz_0255,2025-10-19,no_response,business_did_not_respond_to_pitch,,,0,0,0.5
match_0002,creator_0007,biz_0090,2026-03-12,no_response,creator_did_not_apply,,,0,0,0.3
match_0003,creator_0195,biz_0033,2025-11-06,successful,completed_first_gig_business_re_engaged,5.0,5.0,3,3000,0.75
match_0004,creator_0100,biz_0097,2025-12-09,no_response,creator_did_not_apply,,,0,0,0.25
match_0005,creator_0381,biz_0023,2025-05-27,failed,scope_misalignment,,,1,1200,0.65
match_0006,creator_0290,biz_0287,2025-05-19,failed,creator_unresponsive_after_intro,,,1,200,0.65
match_0007,creator_0124,biz_0025,2026-02-16,successful,completed_first_gig_business_re_engaged,4.0,5.0,1,900,0.6
match_0008,creator_0112,biz_0279,2026-03-21,failed,budget_negotiation_failed,,,1,200,0.35
match_0009,creator_0272,biz_0283,2025-12-18,successful,completed_first_gig_business_re_engaged,4.0,4.0,1,1400,0.2
match_0010,creator_0160,biz_0298,2026-01-19,successful,repeat_business,5.0,4.0,5,2000,0.7
match_0011,creator_0164,biz_0278,2025-09-23,failed,scope_misalignment,,,1,300,0.3
match_0012,creator_0313,biz_0045,2026-02-15,successful,completed_first_gig_no_repeat,4.0,4.0,1,1000,0.55
match_0013,creator_0298,biz_0239,2025-07-24,no_response,no_engagement_after_intro,,,0,0,0.3
match_0014,creator_0020,biz_0085,2025-12-31,successful,ongoing_collaboration,5.0,5.0,2,2800,0.75
match_0015,creator_0063,biz_0294,2025-05-11,no_response,creator_did_not_apply,,,0,0,0.3
match_0016,creator_0049,biz_0203,2025-10-24,no_response,creator_did_not_apply,,,0,0,0.5
match_0017,creator_0361,biz_0257,2025-09-10,successful,completed_multiple_gigs_excellent_reviews,5.0,5.0,2,1200,0.65
match_0018,creator_0220,biz_0117,2025-12-01,failed,budget_negotiation_failed,,,1,500,0.45
match_0019,creator_0245,biz_0192,2025-12-18,no_response,no_engagement_after_intro,,,0,0,0.7
match_0020,creator_0169,biz_0202,2025-12-01,failed,scope_misalignment,,,1,800,0.7
match_0021,creator_0154,biz_0055,2025-10-17,successful,completed_first_gig_business_re_engaged,5.0,5.0,2,2000,0.75
match_0022,creator_0344,biz_0001,2025-10-18,no_response,business_did_not_respond_to_pitch,,,0,0,0.2
match_0023,creator_0043,biz_0074,2025-05-10,successful,repeat_business,5.0,5.0,2,1200,0.8
match_0024,creator_0280,biz_0278,2025-11-09,successful,completed_first_gig_no_repeat,3.0,3.0,1,1700,0.2
match_0025,creator_0148,biz_0062,2025-05-11,failed,completed_first_gig_quality_below_expectations,,,1,800,0.25
match_0026,creator_0207,biz_0035,2025-11-01,failed,completed_first_gig_quality_below_expectations,,,1,800,0.45
match_0027,creator_0186,biz_0217,2025-08-08,failed,completed_first_gig_quality_below_expectations,,,1,800,0.7
match_0028,creator_0150,biz_0154,2026-04-01,successful,completed_first_gig_no_repeat,4.0,4.0,1,400,0.5
match_0029,creator_0327,biz_0245,2025-05-13,no_response,creator_did_not_apply,,,0,0,0.3
match_0030,creator_0020,biz_0252,2026-02-05,failed,budget_negotiation_failed,,,1,1200,0.35
match_0031,creator_0134,biz_0016,2025-12-20,failed,scope_misalignment,,,1,100,0.45
match_0032,creator_0374,biz_0276,2026-02-02,successful,completed_first_gig_business_re_engaged,4.0,5.0,1,500,0.6
match_0033,creator_0015,biz_0252,2026-03-09,failed,scope_misalignment,,,1,1200,0.35
match_0034,creator_0262,biz_0045,2025-06-12,failed,completed_first_gig_quality_below_expectations,,,1,1200,0.3
match_0035,creator_0102,biz_0043,2025-06-09,no_response,no_engagement_after_intro,,,0,0,0.25
match_0036,creator_0269,biz_0049,2025-06-27,failed,budget_negotiation_failed,,,1,1200,0.35
match_0037,creator_0398,biz_0124,2025-07-11,no_response,creator_did_not_apply,,,0,0,0.4
match_0038,creator_0186,biz_0166,2025-10-31,no_response,no_engagement_after_intro,,,0,0,0.3
match_0039,creator_0083,biz_0232,2026-02-05,no_response,creator_did_not_apply,,,0,0,0.35
match_0040,creator_0303,biz_0006,2025-08-05,successful,completed_first_gig_business_re_engaged,4.0,5.0,1,200,0.3
match_0041,creator_0044,biz_0228,2025-09-18,no_response,business_did_not_respond_to_pitch,,,0,0,0.15
match_0042,creator_0309,biz_0141,2025-09-10,failed,single_gig_no_repeat,,,1,100,0.65
match_0043,creator_0108,biz_0025,2025-09-21,no_response,no_engagement_after_intro,,,0,0,0.25
match_0044,creator_0202,biz_0265,2025-11-13,failed,scope_misalignment,,,1,300,0.2
match_0045,creator_0087,biz_0151,2026-04-05,successful,repeat_business,5.0,5.0,1,600,0.85
match_0046,creator_0245,biz_0102,2025-07-22,failed,completed_first_gig_quality_below_expectations,,,1,800,0.3
match_0047,creator_0375,biz_0199,2025-12-23,failed,creator_unresponsive_after_intro,,,1,800,0.65
match_0048,creator_0025,biz_0193,2026-02-16,successful,ongoing_collaboration,5.0,5.0,5,7000,0.65
match_0049,creator_0304,biz_0118,2025-12-13,failed,completed_first_gig_quality_below_expectations,,,1,200,0.2
match_0050,creator_0124,biz_0052,2026-02-20,successful,completed_first_gig_business_re_engaged,5.0,4.0,1,900,0.25
match_0051,creator_0301,biz_0013,2026-01-18,failed,scope_misalignment,,,1,300,0.4
match_0052,creator_0311,biz_0011,2025-06-08,no_response,business_did_not_respond_to_pitch,,,0,0,0.4
match_0053,creator_0081,biz_0279,2025-09-12,failed,completed_first_gig_quality_below_expectations,,,1,100,0.15
match_0054,creator_0300,biz_0143,2025-11-09,no_response,business_did_not_respond_to_pitch,,,0,0,0.25
match_0055,creator_0053,biz_0035,2025-05-26,successful,repeat_business,5.0,5.0,2,1200,0.65
match_0056,creator_0057,biz_0071,2025-05-11,successful,completed_multiple_gigs_excellent_reviews,5.0,5.0,5,1500,0.75
match_0057,creator_0228,biz_0280,2025-07-04,no_response,business_did_not_respond_to_pitch,,,0,0,0.2
match_0058,creator_0135,biz_0035,2025-10-22,failed,completed_first_gig_quality_below_expectations,,,1,100,0.5
match_0059,creator_0029,biz_0287,2025-09-30,successful,ongoing_collaboration,5.0,5.0,5,4000,0.8
match_0060,creator_0155,biz_0006,2026-01-26,successful,completed_first_gig_no_repeat,3.0,4.0,1,1300,0.45
match_0061,creator_0314,biz_0300,2025-11-14,successful,ongoing_collaboration,5.0,5.0,5,3000,0.8
match_0062,creator_0124,biz_0110,2026-02-20,no_response,business_did_not_respond_to_pitch,,,0,0,0.2
match_0063,creator_0106,biz_0246,2025-06-09,successful,single_gig_acceptable_quality,4.0,4.0,1,1300,0.2
match_0064,creator_0078,biz_0037,2025-11-01,no_response,no_engagement_after_intro,,,0,0,0.4
match_0065,creator_0044,biz_0075,2025-05-22,failed,completed_first_gig_quality_below_expectations,,,1,200,0.15
match_0066,creator_0068,biz_0290,2025-07-18,successful,single_gig_acceptable_quality,5.0,4.0,1,1700,0.5
match_0067,creator_0221,biz_0116,2026-02-23,failed,scope_misalignment,,,1,500,0.15
match_0068,creator_0222,biz_0022,2026-03-02,no_response,creator_did_not_apply,,,0,0,0.3
match_0069,creator_0228,biz_0099,2025-10-14,failed,single_gig_no_repeat,,,1,1200,0.4
match_0070,creator_0096,biz_0116,2025-05-23,failed,single_gig_no_repeat,,,1,1200,0.6
match_0071,creator_0113,biz_0209,2025-06-01,successful,repeat_business,5.0,4.0,1,800,0.6
match_0072,creator_0053,biz_0214,2026-03-14,failed,creator_unresponsive_after_intro,,,1,100,0.65
match_0073,creator_0227,biz_0021,2026-03-06,failed,budget_negotiation_failed,,,1,200,0.25
match_0074,creator_0223,biz_0238,2025-11-13,failed,single_gig_no_repeat,,,1,1200,0.15
match_0075,creator_0134,biz_0168,2025-05-19,no_response,business_did_not_respond_to_pitch,,,0,0,0.15
match_0076,creator_0246,biz_0262,2026-03-16,successful,completed_first_gig_business_re_engaged,4.0,4.0,1,300,0.5
match_0077,creator_0063,biz_0294,2025-08-21,failed,completed_first_gig_quality_below_expectations,,,1,500,0.3
match_0078,creator_0223,biz_0251,2026-03-27,no_response,no_engagement_after_intro,,,0,0,0.15
match_0079,creator_0179,biz_0033,2025-11-21,successful,repeat_business,5.0,5.0,2,2800,0.75
match_0080,creator_0198,biz_0161,2026-01-15,no_response,no_engagement_after_intro,,,0,0,0.25
match_0081,creator_0248,biz_0098,2026-01-02,no_response,creator_did_not_apply,,,0,0,0.55
match_0082,creator_0218,biz_0172,2025-09-18,no_response,business_did_not_respond_to_pitch,,,0,0,0.35
match_0083,creator_0301,biz_0136,2025-06-02,failed,creator_unresponsive_after_intro,,,1,300,0.55
match_0084,creator_0180,biz_0072,2025-07-01,failed,budget_negotiation_failed,,,1,500,0.15
match_0085,creator_0245,biz_0278,2025-07-27,successful,single_gig_acceptable_quality,4.0,3.0,1,1000,0.55
match_0086,creator_0280,biz_0150,2026-02-12,failed,single_gig_no_repeat,,,1,1200,0.2
match_0087,creator_0133,biz_0173,2025-09-15,no_response,business_did_not_respond_to_pitch,,,0,0,0.3
match_0088,creator_0104,biz_0192,2026-03-05,successful,repeat_business,5.0,5.0,3,1200,0.75
match_0089,creator_0181,biz_0075,2025-08-27,failed,budget_negotiation_failed,,,1,800,0.45
match_0090,creator_0229,biz_0064,2026-01-16,no_response,business_did_not_respond_to_pitch,,,0,0,0.7
match_0091,creator_0042,biz_0002,2025-06-24,successful,repeat_business,5.0,5.0,3,4200,0.85
match_0092,creator_0283,biz_0262,2026-04-05,failed,budget_negotiation_failed,,,1,200,0.1
match_0093,creator_0227,biz_0027,2026-01-06,no_response,business_did_not_respond_to_pitch,,,0,0,0.1
match_0094,creator_0236,biz_0056,2025-10-23,failed,budget_negotiation_failed,,,1,300,0.3
match_0095,creator_0101,biz_0062,2026-03-31,failed,budget_negotiation_failed,,,1,200,0.35
match_0096,creator_0035,biz_0028,2025-05-26,no_response,business_did_not_respond_to_pitch,,,0,0,0.6
match_0097,creator_0274,biz_0056,2025-10-01,no_response,creator_did_not_apply,,,0,0,0.35
match_0098,creator_0363,biz_0050,2026-02-13,no_response,creator_did_not_apply,,,0,0,0.3
match_0099,creator_0341,biz_0021,2025-08-30,successful,completed_first_gig_no_repeat,4.0,4.0,1,1300,0.3
match_0100,creator_0124,biz_0142,2026-01-21,failed,creator_unresponsive_after_intro,,,1,800,0.6
match_0101,creator_0389,biz_0113,2026-03-24,failed,budget_negotiation_failed,,,1,300,0.5
match_0102,creator_0185,biz_0283,2025-09-18,no_response,creator_did_not_apply,,,0,0,0.05
match_0103,creator_0364,biz_0012,2026-01-22,no_response,creator_did_not_apply,,,0,0,0.35
match_0104,creator_0234,biz_0088,2025-05-17,failed,single_gig_no_repeat,,,1,800,0.15
match_0105,creator_0102,biz_0009,2025-08-07,successful,completed_first_gig_business_re_engaged,4.0,5.0,1,800,0.4
match_0106,creator_0249,biz_0064,2026-04-06,successful,single_gig_acceptable_quality,4.0,4.0,1,800,0.3
match_0107,creator_0085,biz_0089,2025-10-19,no_response,business_did_not_respond_to_pitch,,,0,0,0.1
match_0108,creator_0055,biz_0002,2025-09-04,failed,budget_negotiation_failed,,,1,100,0.15
match_0109,creator_0223,biz_0297,2026-03-20,no_response,business_did_not_respond_to_pitch,,,0,0,0.15
match_0110,creator_0229,biz_0110,2025-09-30,successful,completed_multiple_gigs_excellent_reviews,5.0,5.0,2,3400,0.65
match_0111,creator_0379,biz_0197,2025-12-22,no_response,business_did_not_respond_to_pitch,,,0,0,0.15
match_0112,creator_0012,biz_0278,2025-12-15,no_response,creator_did_not_apply,,,0,0,0.2
match_0113,creator_0345,biz_0252,2025-06-05,failed,single_gig_no_repeat,,,1,300,0.25
match_0114,creator_0176,biz_0165,2025-12-01,successful,completed_first_gig_business_re_engaged,4.0,5.0,1,1000,0.1
match_0115,creator_0311,biz_0106,2026-01-31,failed,completed_first_gig_quality_below_expectations,,,1,500,0.25
match_0116,creator_0308,biz_0194,2026-01-02,failed,scope_misalignment,,,1,1200,0.05
match_0117,creator_0107,biz_0112,2025-06-04,failed,scope_misalignment,,,1,1200,0.15
match_0118,creator_0141,biz_0128,2025-06-28,no_response,creator_did_not_apply,,,0,0,0.3
match_0119,creator_0195,biz_0241,2026-01-02,no_response,no_engagement_after_intro,,,0,0,0.1
match_0120,creator_0289,biz_0125,2025-12-06,no_response,creator_did_not_apply,,,0,0,0.2
match_0121,creator_0232,biz_0012,2026-01-11,failed,budget_negotiation_failed,,,1,1200,0.0
match_0122,creator_0185,biz_0196,2025-08-22,successful,single_gig_acceptable_quality,4.0,5.0,1,1100,0.15
match_0123,creator_0046,biz_0224,2025-06-12,failed,creator_unresponsive_after_intro,,,1,200,0.15
match_0124,creator_0138,biz_0188,2025-05-09,no_response,business_did_not_respond_to_pitch,,,0,0,0.15
match_0125,creator_0246,biz_0081,2025-08-19,failed,single_gig_no_repeat,,,1,100,0.35
match_0126,creator_0331,biz_0265,2025-09-05,failed,creator_unresponsive_after_intro,,,1,300,0.55
match_0127,creator_0019,biz_0196,2025-08-06,failed,creator_unresponsive_after_intro,,,1,800,0.4
match_0128,creator_0047,biz_0082,2025-06-21,successful,completed_first_gig_business_re_engaged,4.0,4.0,1,1100,0.3
match_0129,creator_0269,biz_0131,2025-07-09,failed,budget_negotiation_failed,,,1,1200,0.45
match_0130,creator_0073,biz_0224,2025-10-05,failed,creator_unresponsive_after_intro,,,1,300,0.2
match_0131,creator_0118,biz_0210,2025-11-10,failed,single_gig_no_repeat,,,1,800,0.05
match_0132,creator_0035,biz_0119,2025-09-22,no_response,no_engagement_after_intro,,,0,0,0.05
match_0133,creator_0027,biz_0294,2025-05-16,failed,creator_unresponsive_after_intro,,,1,200,0.65
match_0134,creator_0148,biz_0281,2025-09-03,failed,scope_misalignment,,,1,800,0.25
match_0135,creator_0086,biz_0121,2025-06-08,successful,completed_first_gig_no_repeat,4.0,3.0,1,1100,0.2
match_0136,creator_0396,biz_0052,2025-11-24,successful,completed_first_gig_no_repeat,4.0,4.0,1,900,0.55
match_0137,creator_0284,biz_0189,2025-08-25,no_response,creator_did_not_apply,,,0,0,0.1
match_0138,creator_0274,biz_0096,2025-09-14,failed,completed_first_gig_quality_below_expectations,,,1,500,0.1
match_0139,creator_0167,biz_0088,2025-08-14,no_response,no_engagement_after_intro,,,0,0,0.35
match_0140,creator_0011,biz_0257,2025-09-15,no_response,creator_did_not_apply,,,0,0,0.2
match_0141,creator_0202,biz_0070,2025-06-05,successful,completed_first_gig_business_re_engaged,5.0,4.0,3,1500,0.75
match_0142,creator_0294,biz_0143,2026-03-06,failed,scope_misalignment,,,1,300,0.3
match_0143,creator_0090,biz_0057,2026-03-08,no_response,creator_did_not_apply,,,0,0,0.15
match_0144,creator_0328,biz_0022,2026-04-01,successful,single_gig_acceptable_quality,3.0,4.0,1,200,0.55
match_0145,creator_0271,biz_0251,2025-11-16,no_response,business_did_not_respond_to_pitch,,,0,0,0.35
match_0146,creator_0282,biz_0278,2025-07-03,no_response,no_engagement_after_intro,,,0,0,0.0
match_0147,creator_0239,biz_0267,2025-09-12,failed,single_gig_no_repeat,,,1,100,0.4
match_0148,creator_0296,biz_0208,2025-06-23,no_response,no_engagement_after_intro,,,0,0,0.15
match_0149,creator_0209,biz_0086,2025-08-17,no_response,business_did_not_respond_to_pitch,,,0,0,0.2
match_0150,creator_0065,biz_0019,2025-10-20,failed,single_gig_no_repeat,,,1,300,0.35
